course_title,department,all_departments,course_number,level,description,classification,sdgs,syllabus_url,semester
Studies in Africana Literature and Culture,AFST,AFST/ENGL,393,Undergraduate,"This course introduces students to works by female authors of African descent in the Americas, Europe and Africa. The aim is for students to understand social, political and historical issues and concerns that have traditionally influenced Black women writers writing from Africa, the United States and the Caribbean. In our readings of texts, discussions, and group works, we will oscillate between these Course Syllabus regions as we consider the impact of political experiences of gender inequalities, colonialism, anti colonial resistance, nationalism, and decolonization as contexts for literary productions. We will begin with the image of Africa as the “Dark Continent” by considering the origins of this formation and the harm it has produced; we will then move on to consider ways that Black women writers, from Africa and the diaspora, contest this image by providing alternatives representations of race, cultural and national identity, gender, and the impact of capitalist globalization.",Focused,"5,10,16",,Spring 2026
Studies in Africana Literature and Culture,ENGL,AFST/ENGL,393,Undergraduate,"This course introduces students to works by female authors of African descent in the Americas, Europe and Africa. The aim is for students to understand social, political and historical issues and concerns that have traditionally influenced Black women writers writing from Africa, the United States and the Caribbean. In our readings of texts, discussions, and group works, we will oscillate between these Course Syllabus regions as we consider the impact of political experiences of gender inequalities, colonialism, anti colonial resistance, nationalism, and decolonization as contexts for literary productions. We will begin with the image of Africa as the “Dark Continent” by considering the origins of this formation and the harm it has produced; we will then move on to consider ways that Black women writers, from Africa and the diaspora, contest this image by providing alternatives representations of race, cultural and national identity, gender, and the impact of capitalist globalization.",Focused,"5,10,16",,Spring 2026
Africana Philosophy,AFST,AFST/PHIL,352,Undergraduate,"Students understand, articulate, and evaluate arguments from multiple points of view, and may consider perspectives from a range of cultures. Students examine the philosophical contributions born of and germane to the experience of the African diaspora, which includes but is not limited to those who identify as African, Afro-Caribbean, or African-American. Emphasis, themes, and readings vary depending on the instructor; possible themes may include various conceptions of modern notions of freedom, equality, humanity, and reason, taken up in the historical context of institutional slavery and the colonization of the Global South.",Focused,"10,16",,Spring 2026
Africana Philosophy,PHIL,AFST/PHIL,352,Undergraduate,"Students understand, articulate, and evaluate arguments from multiple points of view, and may consider perspectives from a range of cultures. Students examine the philosophical contributions born of and germane to the experience of the African diaspora, which includes but is not limited to those who identify as African, Afro-Caribbean, or African-American. Emphasis, themes, and readings vary depending on the instructor; possible themes may include various conceptions of modern notions of freedom, equality, humanity, and reason, taken up in the historical context of institutional slavery and the colonization of the Global South.",Focused,"10,16",,Spring 2026
Blacks in the US Since 1877,AFST,AFST/HIST,301,Undergraduate,"CONTENT. Blacks in the United States from the end of Reconstruction to the present; the meaning of freedom and the quest to find a place in American society; Black political leaders, the Age of Booker T. Washington; disfranchisement, lynching; the impact of World War I and World War II on Black Americans; the Great Depression and the New Deal; the fight for Civil Rights and full equality; the emergence of Martin Luther King Jr.; the urban riots of the 1960s; the role of Black soldiers in the Vietnam War; black suburbanization; the fight for equality in the 21st century.BENEFITS. History teaches evaluation and synthesis of evidence, development of persuasive arguments in written and oral form, expansion of understandings of historical contexts that have contributed to human complexity past and present, including but not limited to the formation of group and individual identities, social and political dynamics, and debates about values and rights. Applying this knowledge produces more informed citizens, who are proficient in the abilities required by today’s workforce.",Focused,"10,16",,Spring 2026
Blacks in the US Since 1877,HIST,AFST/HIST,301,Undergraduate,"CONTENT. Blacks in the United States from the end of Reconstruction to the present; the meaning of freedom and the quest to find a place in American society; Black political leaders, the Age of Booker T. Washington; disfranchisement, lynching; the impact of World War I and World War II on Black Americans; the Great Depression and the New Deal; the fight for Civil Rights and full equality; the emergence of Martin Luther King Jr.; the urban riots of the 1960s; the role of Black soldiers in the Vietnam War; black suburbanization; the fight for equality in the 21st century.BENEFITS. History teaches evaluation and synthesis of evidence, development of persuasive arguments in written and oral form, expansion of understandings of historical contexts that have contributed to human complexity past and present, including but not limited to the formation of group and individual identities, social and political dynamics, and debates about values and rights. Applying this knowledge produces more informed citizens, who are proficient in the abilities required by today’s workforce.",Focused,"10,16",,Spring 2026
Contemporary Issues in the Global South,AFST,AFST/INTA,261,Undergraduate,"Upon completion of this course, the learner will be ble to summarize and synthesize academic readings about social, economic, and political issues in the global South; Explain broad historical outline of histories of colonialism, national independence, the Cold War, and globalization Senegal, Ghana, Brazil and Vietnam; Describe contemporary social issues in the gloal South related to migration, global care chains, free trade zones, climate change, and extraction; Analyze global South feature films and documentaries as political discourse.",Focused,"1,8,10,13,14,16,17",,Spring 2026
Contemporary Issues in the Global South,INTA,AFST/INTA,261,Undergraduate,"Upon completion of this course, the learner will be ble to summarize and synthesize academic readings about social, economic, and political issues in the global South; Explain broad historical outline of histories of colonialism, national independence, the Cold War, and globalization Senegal, Ghana, Brazil and Vietnam; Describe contemporary social issues in the gloal South related to migration, global care chains, free trade zones, climate change, and extraction; Analyze global South feature films and documentaries as political discourse.",Focused,"1,8,10,13,14,16,17",,Spring 2026
Black Psychology,AFST,AFST/PSBI,206,Undergraduate,"Most studies in mainstream psychology are based on a limited range of the world's people:  
typically young, middle-class, North American college students of European descent. We will examine psychological phenomena and issues that emerge in the context of African-descent people living in the African Diaspora. We will examine and reflect on a variety of psychological issues through “non-Western” lenses. The purpose of this course is to critically examine psychological experiences, theories, and methods from perspectives grounded in the “Black 
experience.”",Focused,"3,10",,Spring 2026
Black Psychology,PSBI,AFST/PSBI,206,Undergraduate,"Most studies in mainstream psychology are based on a limited range of the world's people:  
typically young, middle-class, North American college students of European descent. We will examine psychological phenomena and issues that emerge in the context of African-descent people living in the African Diaspora. We will examine and reflect on a variety of psychological issues through “non-Western” lenses. The purpose of this course is to critically examine psychological experiences, theories, and methods from perspectives grounded in the “Black 
experience.”",Focused,"3,10",,Spring 2026
Introduction to African American Literature,AFST,AFST/ENGL,204,Undergraduate,"Social Responsibility - The course enhances intercultural competence; knowledge of civic responsibility; and the ability to engage effectively in regional, national, and global communities through various activities, written assignments, exams, and class discussions that focus on how history, religion, culture, and broader social forces have shaped the distinctive literary traditions from around the world. Personal Responsibility - The course enhances the ability to connect choices, actions, and consequences to ethical decision-making.",Focused,16,,Spring 2026
Introduction to African American Literature,ENGL,AFST/ENGL,204,Undergraduate,"Social Responsibility - The course enhances intercultural competence; knowledge of civic responsibility; and the ability to engage effectively in regional, national, and global communities through various activities, written assignments, exams, and class discussions that focus on how history, religion, culture, and broader social forces have shaped the distinctive literary traditions from around the world. Personal Responsibility - The course enhances the ability to connect choices, actions, and consequences to ethical decision-making.",Focused,16,,Spring 2026
Introduction to Africana Studies,AFST,AFST,201,Undergraduate,"Introduction to the field of Africana Studies; interdisciplinary approach drawing from history, philosophy, sociology, political studies, literature, and performance studies; explores the African foundational relationship to and connections with its diaspora populations; covers Africa, the United States, the Caribbean, Europe, and South America; also taught at Qatar.",Focused,"5,10,16",,Spring 2026
"Food Security, Climate, and Conflict (M01 section number)",AGEC,AGEC,420,Undergraduate,"Economic models of food production and consumption in conflict regimes; the micro-economics of violence; the dynamic relationships of climate and agricultural production; potential impacts of climate change on food and socio-political security; food security among insurgent groups; conflict resistant food systems; and the shifting relationships between poor and rich nations in relationship to climate, food and conflict.",Focused,"2,13",,Spring 2026
Environmental and Natural Resources Economics,AGEC,AGEC,350,Undergraduate,"The course is designed to give students a basic understanding of the core concepts in environmental and natural resource economics and provide familiarity with some questions that environmental and natural resource economists care about. The goal is to provide a basic understanding of: 1) how economists think about the problems related to the environment and natural resources, such as pollution, climate change, and the depletion of natural resources; and 2) the tools that economists use to analyze the costs and benefits of economic activity and the tradeoffs between environmental and resource management policies.",Focused,"8,13,14,15",,Spring 2026
Educating Future Leaders in International Agriculture.,AGLS,AGLS,489,Undergraduate," Describe International Agriculture Management: Human and Animal Resources, Supply Chain Management, Financing, and Marketing.  Explain Ag Policies, Players, and Activities - Domestic and International  Describe possible implementation issues for country-specific situations.  Use Intercultural dialogue to engage in global discourse and education.  Exhibit respect for cultural diversity as a tool for implementing global projects.",Focused,"2,4,16,17",,Spring 2026
Teaching School-Based Agricultural Education & Clinical Professional Experience,AGSC,AGSC,302,Undergraduate,"Foundations of school-based agricultural education (SBAE) teaching; an overview of preparing teachers for a changing world including knowledge of learners, subject matter and teaching within the context of agricultural science; clinical field experience for teaching agricultural science in public schools of Texas.",Focused,"2,4",,Spring 2026
Technology for Environmental and Natural Resource Engineering,AGSM,AGSM,337,Undergraduate,"For the nonengineering student in the environmental and management sciences; concentrates on the application of technology for solving local environmental problems while considering global issues; reduction of water, air and hazardous waste pollutants; legislative issues and modeling.",Focused,"9,13,14,15",,Spring 2026
The World Has a Drinking Problem - Global Water Scarcity,AGSM,AGSM,105,Undergraduate,"Study of how drinking water maintains and improves human health, availability of fresh water throughout the world; includes how population changes, cultural influences, and political power affect quality, distribution and cost of water for children, rural communities and under-represented peoples.",Focused,"4,6,10",,Spring 2026
Project SMART Research Practicum,ALEC,ALEC,491,Undergraduate,"Recent reports show adolescents who spend more than 3 hours a day on social media are twice as likely to face mental health issues like depression and anxiety (US Department of Health and Human Services, 2025). Project SMART (an NIH funded longitudinal study) looks at the specific details, experiences, and relationship between social media use and mental health in adolescents.",Focused,3,,Spring 2026
Project SMART Research Practicum,ALEC,ALEC,485,Undergraduate,"Recent reports show adolescents who spend more than 3 hours a day on social media are twice as likely to face mental health issues like depression and anxiety (US Department of Health and Human Services, 2025). Project SMART (an NIH funded longitudinal study) looks at the specific details, experiences, and relationship between social media use and mental health in adolescents.",Focused,3,,Spring 2026
Applying International Development Theories in Agriculture Education Abroad: Namibia,ALEC,ALEC,460,Undergraduate,"Upon satisfactory completion of this course, students will be able to: 1. Identify global agricultural development theories and explain how they address issues that affect agricultural development initiatives in Namibia. 2. Articulate global agricultural issues, especially as they relate to Namibia. 3. Compare and contrast U.S. and Namibian culture (geographical, communal, societal, etc.). 4. Investigate Namibia’s agricultural and environmental development issues from an applied perspective. 5. Identify major development agencies, their missions (theories employed), and foci of efforts within Namibia. 6. Demonstrate critical thinking and communication skills (written, oral, visual).",Focused,"2,15,17",,Spring 2026
Global Social Issues in Agriculture,ALEC,ALEC,450,Undergraduate,"An in-depth evaluation of global social justice issues and leadership skills necessary to effectively solve and manage issues in agricultural development; topics include awareness, knowledge and understanding of teaching, research and service opportunities for those seeking careers in global social justice and agricultural leadership.",Focused,"2,16,17",,Spring 2026
Project SMART Research Practicum,ALEC,ALEC,399,Undergraduate,"Recent reports show adolescents who spend more than 3 hours a day on social media are twice as likely to face mental health issues like depression and anxiety (US Department of Health and Human Services, 2025). Project SMART (an NIH funded longitudinal study) looks at the specific details, experiences, and relationship between social media use and mental health in adolescents.",Focused,3,,Spring 2026
Camp Management and Administration,ALEC,ALEC,377,Undergraduate,"Structure and organization, administration and leadership, and challenges and opportunities facing professionals interested in careers in residential camping for youth.",Focused,"3,4",,Spring 2026
Skills and Techniques for Youth Development Professionals,ALEC,ALEC,371,Undergraduate,"Development of skills for effective activity leadership to meet the needs of diverse youth populations; focus on applying experiential learning approaches, multiple activity styles, the role of intentionality, specificity, and application in activity selection, activity sequencing, and activity debriefing.",Focused,"3,4,10,16",,Spring 2026
Principles of Positive Youth Development,ALEC,ALEC,370,Undergraduate,"Fundamental concepts of youth development practices, programs, organizations and services; development of a critical understanding of the changing views of adolescence and youth culture; overview of youth development theories and principles of positive youth development; aspects of youth development programs; developmental outcomes associated with participation in youth development programs. Prerequisite: Junior or senior classification",Focused,"3,4",,Spring 2026
Global Agricultural Issues,ALEC,ALEC,350,Undergraduate,"Review of global agricultural issues (products, environment, people, and culture) affecting international agricultural development; concepts and principles underlying the processes of teaching, research, and service opportunities in international agricultural development and education situations.",Focused,"2,3,16,17",,Spring 2026
Senior Seminar,ALED,ALED,481,Undergraduate,"The students will be able to: • Identify theories that impact the development of social and personal responsibility • Describe ways of predicting and minimizing undesirable consequences of system change • Demonstrate effective oral communication skills while communicating original and creative ideas for social and civic engagement • Synthesize and appreciate the role of personal development in leadership development. • Develop oral, written, and visual communication skills. • Apply leadership philosophies, models, and theories to current events.",Focused,16,,Spring 2026
Cultural Pluralism in Agriculture,ALED,ALED,422,Undergraduate,"Selected topics on the diversity of human resources in agriculture; emphasis on working in a multicultural society and developing a sensitivity toward different cultures; explores the interrelationships between the contributions of diverse individuals and the state, nation and global success of agriculture.",Focused,"2,10,16,17",,Spring 2026
Followership: The Other Side of Leadership,ALED,ALED,419,Undergraduate,"There is no leadership without followership. Every leader is a follower first. Every system rises or falls on the quality of followership within it. And yet, followership is rarely studied with seriousness, depth, or respect. This course exists to change that. This class treats followership as: • A legitimate and necessary field of study • A moral and ethical practice • A source of power, voice, courage, and responsibility • A daily lived experience, not a secondary role Students will be challenged to examine assumptions, question norms, engage with complexity, and develop a thoughtful, personal stance on what it means to follow well.",Focused,"3,4,16,17",,Spring 2026
Environmental Archaeology,ANTH,ANTH,461,Undergraduate,"Explores the paleoecological context in which past humans interacted with the natural environment encompassing plants, animals and landscape. Introduces students to theories and methods relevant to studying past human-environment interactions. Outlines types of environmental data that survive in the archaeological record (geological, botanical, faunal, chemical), recovery and analytical methods, absolute chronology, and inferences made based on these data. Develops long-term, global perspective on human-environment interactions provided by the fields of archaeology and earth science.",Focused,"14,15,17",,Spring 2026
Medical Anthropology,ANTH,ANTH,435,Undergraduate,"Introduces medical anthropology, the subfield exploring the biological and cultural dimensions of health, illness, and healing across diverse societies. Defines and discusses key concepts, such as health, illness, and disease, in relation to various social, environmental, political, and evolutionary contexts. Analyzes the interconnections among micro- and macrobiological, cultural, social, and political determinants to construct a holistic view of human health. Engages with contemporary and emerging issues in health and healthcare, emphasizing the comparative analysis of global medical systems. Compares and contrasts biomedicine with other ethnomedical systems to evaluate its role within diverse cultural contexts. Develops critical thinking, reading, writing, and collaboration skills for engaging with multiple perspectives on health. Note that course content may include complex or sensitive topics designed to foster critical engagement",Focused,"3,16,17",,Spring 2026
Cross Cultural Competency,ANTH,ANTH,222,Undergraduate,"Development of skills vital for effective engagement in an increasingly diverse and interconnected world; personal awareness of biases, attitudes, values, beliefs and ways of knowing; exploration of the impact of culture on our ability to think critically and communicate effectively.",Focused,"4,11,16,17",,Spring 2026
Cross Cultural Competency,ANTH,ANTH,210,Undergraduate,"Provides overview of the field of Social and Cultural Anthropology, exploring the diverse ways that human cultures shape experience across the globe, and the anthropological theory and research that attempt to understand this process. Through an exploration of different cultures, examines the major dimensions of cultural variation, including subsistence, family structure, political systems, language, religion, and more. Fosters critical evaluation of cultural theories and different perspectives while promoting respectful discussion of complex and provocative topics. This course may incorporate topics that respond to current events, student interests, or emerging issues relevant to anthropology. Course content may include complex or sensitive topics and is designed to foster respectful, evidence-based discussion and critical engagement with multiple perspectives, skills essential for navigating a diverse and changing world.",Focused,"11,16,17",,Spring 2026
Peoples and Cultures of the World,ANTH,ANTH,205,Undergraduate,"Survey of human cultures around the world using case studies of customs and cultural organization. Explores how anthropology is a holistic discipline focused on all of humanity, which integrates knowledge from diverse fields like history, economics, psychology, sociology, and traditional sciences. Explores global interconnectedness alongside cultural diversity, addressing questions of ""us and them"". Develops a greater understanding of the breadth of variation in the human condition and the power of culture to shape individual experience. Recognizes the trade-offs between cultural relativist and universalist perspectives. Gains cultural awareness to inform future evaluations of domestic and global issues. Practice communicating opinions in a culturally respectful manner. Relates outcomes of cultural study to one’s understanding of one’s own culture. This course may incorporate topics that respond to current events, student interests, or emerging issues relevant to anthropology. Course content may include complex or sensitive topics and is designed to foster respectful, evidence based discussion and critical engagement with multiple perspectives, skills essential for navigating a diverse and changing world.",Focused,"11,16,17",,Spring 2026
Energy and Sustainable Architecture,ARCH,ARCH,421,Undergraduate,"Understanding the various design decisions impacting sustainability and energy efficiency; includes participation in an “academic” LEED-NC rating project; interdisciplinary team approach with a design studio architect to perform the LEED-NC rating on the architect’s building; application of reference material, standards, and USGBC material. Prerequisite: Junior and senior classification or approval of instructor.",Focused,"7,11,13,15",,Spring 2026
"Architecture, Heritage and Culture",ARCH,ARCH,346,Undergraduate,Global exploration of how architecture and the built environment express culture and identity; theoretical and practical approaches to cultural heritage and conservation. Prerequisite: Junior or senior classification,Focused,"11,16,17",,Spring 2026
SUSTAINABLE ARCHITECTURE,ARCH,ARCH,213,Undergraduate,"A comprehensive introduction to sustainability concepts, techniques, and applications at all levels of the built environment, history of contemporary development of sustainable architecture from 1960 to the present; design strategies, environmental technologies, and social factors for reducing building energy needs and carbon footprints; global applications of sustainable approaches.",Focused,"7,11,13,16,17",,Spring 2026
Social and Behavioral Factors in Design,ARCH,ARCH,212,Undergraduate,"Social and behavioral factors in the built and natural environment; environmental perception and spatial cognition; social-environmental processes such as privacy and crowding; setting-oriented discussion on residences, education, and the workplace; the psychology of nature and natural resources management; social design and social science 
contribution to architectural design.",Focused,"11,16",,Spring 2026
Self-Directed Experiences with Adolescents,ARSC,ARSC,201,Undergraduate,"Study of adolescents in diverse school and community settings; issues in physical, mental, social and emotional development; issues related to racism, sexism, and cultural diversity.",Focused,"3,4,5,10,16",,Spring 2026
Contemporary Issues in Science: The Environment,ARSC,ARSC,105,Undergraduate,"Cross listing CHEM 104, This team-taught, interdisciplinary course is designed to build scientific literacy by examining 
contemporary issues in science - current questions, discoveries, and challenges that shape our 
understanding of the environment. Topics may include climate change, energy systems, plastics and 
pollution, agriculture, water and food safety, biodiversity, environmental health, and chemicals and drugs 
(including vaccines). Students will learn to evaluate scientific claims and critically analyze how science is 
presented in the news, on television, and on social media.",Focused,"4,6,7,13,14,15",,Spring 2026
Air Quality,ATMO,ATMO,463,Undergraduate,"Atmospheric pollution sources, transport, sinks, and effects; monitoring of air pollutant emissions and of ambient concentrations; use of models to simulate air pollution; regulation of emissions and ambient concentrations; greenhouse gas emissions regulations.",Focused,"3,11,13",,Spring 2026
The Science and Politics of Climate Change,ATMO,ATMO,444,Undergraduate,"This course investigates the (pseudo-)scientific debate over Global Warming, and available technological options and policies to address it. It considers climate science history, facts, denialism, and the understanding and perceptions of the public in light of the developing climate situation (particularly climate change impacts) and the current political stances. It explores our options for responding to climate change and how to evaluate them, presenting an overview of the (technological) options to transition to a climate-neutral society considering the necessary navigation of a gridlocked political debate in the US. This course is designed for upper-level undergraduate students.",Focused,"3,11,13",,Spring 2026
Climate change,ATMO,ATMO,210,Undergraduate,Examination of the science of climate change; past and present causes of global-scale climate change; basis for projections of future climate change and its potential impacts; existing and proposed policy responses; critical evaluation of scientific information.,Focused,"3,11,13",,Spring 2026
Air Pollution Engineering,BAEN,BAEN,477,Undergraduate,"Design of air pollution abatement equipment and systems to include cyclones, bag filters and scrubbers; air pollution regulations; permitting; dispersion modeling; National Ambient Air Quality Standards. Prerequisite: Grade of C or better in BAEN 340, CVEN 311, EVEN 311, or MEEN 344. Cross-listed with MEEN 477.",Focused,"3,11,13",,Spring 2026
Soil and Water Conservation Engineering,BAEN,BAEN,468,Undergraduate,"Engineering principles of soil and water conservation; open channel flow principles, hydraulic grade stabilization, erosion control, storm water management, design of structures for floodwater routing, culvert design, design of waterways and agricultural reservoirs, stream bank protection, water quality assessment, groundwater flow, surface water modeling. Prerequisites: Grade of C or better in BAEN 340, EVEN 311, or CVEN 311",Focused,"6,13,15",,Spring 2026
Design of Biological Waste Treatment Systems,BAEN,BAEN,465,Undergraduate,"Management and treatment of high organic content wastes, with emphasis on agricultural and food processing wastes; engineering design of biological waste treatment processes; regulatory aspects affecting management of agricultural wastes.",Focused,"2,6,11,13,15",,Spring 2026
Content-Area Instruction for Bilingual Programs/ Instrucción de materias académicas básicas en programas bilingües,BEFB,BEFB,476,Undergraduate,"This course addresses research-based pedagogy for emergent bilingual/English learner students. We will explore through our readings, your field observations, and our discussions, the theories, methodologies, and approaches for designing and delivering literacy infused STEM-based inquiry lessons across content areas (transdisciplinary). We will also examine L1 (home language) and L2 (target language [English]) as languages of instruction in the content areas and how to incorporate creative problem-solving and critical thinking into STEM-based lessons.",Focused,"3,4,10,11,16,17",,Spring 2026
Bilingual Assessment and Monitoring for Bilingual Programs (Evaluación y monitoreo de programas educativos bilingües),BEFB,BEFB,470,Undergraduate,"This course, which is conducted in Spanish, introduces you to bilingual assessment, assessment of English learners, and factors that influence the validity of assessment results and their interpretation. We will also explore assessment and its relationship to language policy through monitoring of bilingual education programs by government, state, and local education agencies. Through our readings, your field observations, and our class discussions we will probe the relationship of assessment to lesson design, effective pedagogy, teacher-based practices, and critical thinking.",Focused,"3,4,10,11,16,17",,Spring 2026
Effective Instruction for Hispanic Students of Diverse,BEFB,BEFB,426,Undergraduate,Field-based application of effective instructional strategies for teaching Hispanic bilingual students of diverse abilities. Must be taken on a satisfactory/unsatisfactory basis.,Focused,"3,4,10,11,16,17",,Spring 2026
Biotechnology for Biofuels and Bioproducts,BESC,BESC,357,Undergraduate,"Biotechnology issues in developing bioenergy as a renewable energy source; emphasis on the three generations of bioenergy and enabling technologies; special topics include recent advances in bioenergy research, government policy, and industrial development. Prerequisite: BESC 201 and junior or senior classification.",Focused,"7,9",,Spring 2026
International Perspectives on Environmental Issues,BESC,BESC,311,Undergraduate,"Role of the United Nations and other institutions that promote international cooperation toward sustainable development goals; influence of cultural views on critical thinking about environmental issues, including population, water and agriculture, biodiversity and energy.",Focused,"2,6,7,9,11,16,17",,Spring 2026
Introduction to Bioenvironmental Sciences,BESC,BESC,201,Undergraduate,"Provides students with a broad survey of environmental science with an emphasis on scientific literacy, current events, global and international issues, and historical context.",Focused,"6,7,12,13,14,15,16",,Spring 2026
"Biomimicry, Biomimetics, and Bioinspired Approaches to Medical Device and Technology Design",BMEN,BMEN,489,Undergraduate,"New or unique areas of biomedical engineering which are of interest to biomedical engineering and other undergraduate students. Application of biomimicry, biomimetics, and bioinspiration toward the engineering design of innovative technologies and devices to meet challenges and opportunities in healthcare. Students will engage the process of superficial imitation of Nature, the recreation of structure-function relations in Nature, and the innovation of structural properties and functionality beyond what Nature offers.",Focused,"3,4,9,11,16",,Spring 2026
"Cultural and Social Issues in the Natural, Built and Virtual Environment",CARC,CARC,101,Undergraduate,"Introduction to cultural and social issues in planning, design, construction, and creativity; exploration of how individual and collective values and beliefs are expressed in the practice of architecture, landscape architecture, urban planning, construction science and the arts; how these fields internalize and reify these values while creating the natural, built and virtual environments; emphasis on civil discourse to help recognize positionality and work collaboratively in a multicultural society.",Focused,"11,16,17",,Spring 2026
Green Chemistry,CHEM,CHEM,483,Undergraduate,Environmentally benign chemistry; the design of chemical products and processes that reduce or eliminate the use and generation of hazardous substances; twelve principles of Green Chemistry; atom economy; use of renewable resources; catalysis for Green Chemistry; alternative solvents and reaction media; energy and the environment.,Focused,"6,7,12,13,14,15",,Spring 2026
"Media, Culture, & Identity",COMM,COMM/JOUR,346,Undergraduate,"Media representations relating to power, privilege, and difference; communication theories and concepts centered on how media and technology use shape, and are shaped by, identity; critical analysis of media as sites for negotiation and construction of identities such as gender, race, ethnicity, sexuality, social class, physical/mental ability, nationality, and religion; reflection on and analysis of bias, prejudice, discrimination, power, equity, and privilege.",Focused,"4,10,16",,Spring 2026
"Media, Culture, & Identity",JOUR,COMM/JOUR,346,Undergraduate,"Media representations relating to power, privilege, and difference; communication theories and concepts centered on how media and technology use shape, and are shaped by, identity; critical analysis of media as sites for negotiation and construction of identities such as gender, race, ethnicity, sexuality, social class, physical/mental ability, nationality, and religion; reflection on and analysis of bias, prejudice, discrimination, power, equity, and privilege.",Focused,"4,10,16",,Spring 2026
Accessible Computing,CSCE,CSCE,432,Undergraduate,"Exploration of the characteristics of traditionally disenfranchised user populations due to disability including discrimination; universal design concepts; exploration of ethical and legal motivations for creating accessible technology; development, evaluation, design, and implementation of equitable and inclusive software and computer based solutions; study of multiple existing accessibility standards. Prerequisite: Grade of C or better in CSCE 315 or CSCE 331",Focused,"4,5,10,11,16,17",,Spring 2026
Environmental Protection and Public Health,CVEN,CVEN/EVEN,406,Undergraduate,Communicable and noncommunicable diseases; environmental risk assessment; environmental assessments; comprehensive environmental planning; small water and wastewater systems; solid waste management; hazardous spills and waste management; vector control; environmental administration.,Focused,"3,6,14,15,16",,Spring 2026
Environmental Protection and Public Health,EVEN,CVEN/EVEN,406,Undergraduate,Communicable and noncommunicable diseases; environmental risk assessment; environmental assessments; comprehensive environmental planning; small water and wastewater systems; solid waste management; hazardous spills and waste management; vector control; environmental administration.,Focused,"3,6,14,15,16",,Spring 2026
Environmental Engineering,CVEN,CVEN/EVEN,301,Undergraduate,"Water quality; material balances; chemical, physical and biological processes; water quality modeling; water and wastewater treatment; air quality; solid and hazardous waste management. Prerequisites: Grade of C or better in CHEM 107; Grade of C or better in CVEN 302 and MATH 308, or concurrent enrollment. Cross-listed with EVEN 301.",Focused,"3,6,12,14,15,16",,Spring 2026
Environmental Engineering,EVEN,CVEN/EVEN,301,Undergraduate,"Water quality; material balances; chemical, physical and biological processes; water quality modeling; water and wastewater treatment; air quality; solid and hazardous waste management. Prerequisites: Grade of C or better in CHEM 107; Grade of C or better in CVEN 302 and MATH 308, or concurrent enrollment. Cross-listed with EVEN 301.",Focused,"3,6,12,14,15,16",,Spring 2026
Wellness and the Performing Artist,DCED,DCED,411,Undergraduate,"Issues related to the mental health and wellness of the performing artist; dealing with emotions, creating healthy habits, perfectionism, motivation, and performance anxiety; introduction to the scientific study of behavior and mental processes related to performing artists; broad overview of human development, learning, and memory for all performing artists. Prerequisites: DCED 222 and DCED 315; junior or senior classification; approval of instructor.",Focused,3,,Spring 2026
Special Populations in Dance,DCED,DCED,315,Undergraduate,"Explanation of how dance influences other populations including children, the elderly, people with learning and physical disabilities, Parkinson’s patients, and other populations; Understand the specific needs of children and adults in special populations; exploration of teaching techniques and movement designed for the specific needs of varied populations and possible physical and/or mental limitations; design movement class based on the needs of a specific group of people with specific physical needs and limitations.",Focused,"3,10,16",,Spring 2026
Special Topics in Extinction Risk Assessment,ECCB,ECCB,489,Undergraduate,"This course aims to train advanced undergraduate and graduate students to prepare scientifically rigorous extinction risk assessments under the categories and criteria approved by the International Union for the Conservation of Nature (IUCN). The IUCN is the world’s leading authority on the conservation status of species. Students will learn to interpret and apply the IUCN Red List Categories and Criteria, compile supporting information, create distribution maps and manage data. They will work individually and in teams to prepare assessments of species, mirroring the process used by the IUCN Red List species specialist groups. Texas A&M participates in the IUCN Red List Partnership, and students will have opportunities to interact with species’ specialists.",Focused,"14,15",,Spring 2026
Ecosystem Restoration and Management,ECCB,ECCB,320,Undergraduate,"A basic conceptual framework for restoration ecology and ecological restoration including range, forest and other natural resources; major principles of ecology related to practical problems confronting humankind, such as environmental pollution and degradation, exotic species invasions, land use and management trade-offs and consequences; importance of biological diversity.",Focused,"3,6,14,15",,Spring 2026
Fundamentals of Environmental Decision-Making,ECCB,ECCB,308,Undergraduate,Introduction to environmental issues in natural resources management; fundamental principles and methods for understanding biosocial interdependencies in complex environmental issues; use of computer-aided group decision-making techniques to develop cooperative strategies for resolving local or global environmental issues.,Focused,"14,15,17",,Spring 2026
Forest Protection,ECCB,ECCB,307,Undergraduate,"Destructive agents in forestry as related to importance, identification, cause, extent of losses and protective measures.",Focused,15,,Spring 2026
Conservation Biology,ECCB,ECCB,308,Undergraduate,"Destructive agents in forestry as related to importance, identification, cause, extent of losses and protective measures.",Focused,"14,15",,Spring 2026
Fundamentals of Ecology,ECCB,ECCB,205,Undergraduate,"Principles of ecology using a holistic approach treating plants, animals and humans as one integrated whole; composition, structure, nutrient cycles and energetics of biotic communities; adaptations to environmental factors; biotic relationships; and problems of environmental quality and resource use.",Focused,"12,13,14,15",,Spring 2026
At the Interface of Engineering and Life Sciences,ECEN,ECEN,333,Undergraduate,"Broad overview of electrical and computer engineering principles applied to various areas of life sciences; medical imaging and biomedical signal processing; micro/nano devices and systems; computational biology and genomic signal processing; recent trends in interfacing engineering and life science that address emerging grand challenge problems in health, bio-energy and bio-security; taught in a team approach.",Focused,"3,7",,Spring 2026
Policy Economics,ECON,ECON,441,Undergraduate,"Advanced instruction on field experimental methods used in economics to understand how individuals and organizations respond to changes in incentives in natural settings; emphasis on policies and programs implemented by or in collaboration with firms, government and NGOs both in developed and developing countries.",Focused,"3,9,16",,Spring 2026
Environmental Economics,ECON,ECON,436,Undergraduate,Economic theory and public policy as applied to environmental problems; role of market failure in explaining the existence of pollution; alternative strategies for pollution control and environmental management; global environmental issues.,Focused,"3,6,9,13,14,15,16,17",,Spring 2026
Energy Markets and Policy,ECON,ECON,433,Undergraduate,"Economics of energy markets and energy regulation with emphasis on implications for optimal energy policy; sectors include gasoline, oil, electricity, natural gas, renewables, nuclear; economic theory integrated with empirical applications from American and international experience; new energy markets, energy trading, and interaction with environmental policy.",Focused,"7,12,13",,Spring 2026
Economics of Crime,ECON,ECON,421,Undergraduate,"Study of crime and crime-control policies using standard economic techniques; focus on the incentives for individuals to commit crimes and how those incentives can be changed by public policy; topics may include costs of crime to society, drug control, gun control, nonviolent and violent crime, gang-related crimes, punishment, incarceration and deterrence.",Focused,,,Spring 2026
Interaction Processes with Children in Groups,EDCI,EDCI,364,Undergraduate,"Instruction in application and adaptation of principles of effective verbal and non-verbal communication to their interactions with children in early childhood settings; training in interpersonal communication skills and positive guidance techniques such as how to listen and talk to children, how to prevent problems before they occur, methods of achieving positive discipline in early childhood programs, and scaffolding children’s understandings and learning in all areas via effective interactions. Prerequisites: EDUC majors; junior or senior classification; concurrent enrollment in TEFB 273",Focused,4,,Spring 2026
Special Topics: Workplace Dynamics in a Globalized World,EHRD,EHRD,489,Undergraduate,"Assist learners in the identification and understanding of globalization and engagement issues in learning, work and community; exploration of current issues, theories, trends, and policy issues",Focused,"4,11,16,17",,Spring 2026
Legal and Ethical Environment in HRD,EHRD,EHRD,210,Undergraduate,Development of knowledge towards legal and ethical work environment in a corporate and educational setting in human resource development.,Focused,8,,Spring 2026
Latino/a Literature,ENGL,ENGL/HISP,362,Undergraduate,"Literature by U.S.-based Latino/a authors writing mostly in English; examination of historical and social contexts of cultural production; may include novels, poetry, short stories, plays, and films to gain understanding of aesthetic expression of diverse Latino/a authors, including but not limited to Mexican Americans, Puerto Ricans, Cuban Americans, and Dominican Americans. Prerequisite: Junior or senior classification. Cross Listing: ENGL362/HISP 362.",Focused,10,,Spring 2026
Latino/a Literature,HISP,ENGL/HISP,362,Undergraduate,"Literature by U.S.-based Latino/a authors writing mostly in English; examination of historical and social contexts of cultural production; may include novels, poetry, short stories, plays, and films to gain understanding of aesthetic expression of diverse Latino/a authors, including but not limited to Mexican Americans, Puerto Ricans, Cuban Americans, and Dominican Americans. Prerequisite: Junior or senior classification. Cross Listing: ENGL362/HISP 362.",Focused,10,,Spring 2026
Transnational Literature and Culture,ENGL,ENGL/HISP,306,Undergraduate,"Examination of texts written in English that de-center the nation-state as the central way to organize cultural comparison; includes colonialism, economics, empire, globalization, migration, race and refugees.",Focused,"10,16",,Spring 2026
Transnational Literature and Culture,HISP,ENGL/HISP,306,Undergraduate,"Examination of texts written in English that de-center the nation-state as the central way to organize cultural comparison; includes colonialism, economics, empire, globalization, migration, race and refugees.",Focused,"10,16",,Spring 2026
Leading for a Lifetime: Continual Learning and Influence,ENGR,ENGR,451,Undergraduate,"In this course, students will integrate self-awareness, empathy, creativity, and purposeful living in an exploration of their personal leadership style and philosophy.Prerequisite/Corequisite(s): Grade of C or better in ENGR 450; acceptance into the Zachry Leadership Program; junior or senior classification or approval by instructor",Focused,"4,8",,Spring 2026
Global Engineering Design,ENGR,ENGR,410,Undergraduate,"This course will examine intercultural strategies to enhance student engagement and improve understanding of multicultural environments within the context of engineering projects. The focus will be on using cultural models to facilitate effective collaboration in international settings, involving students, faculty, and industry partners in the design thinking process. Key components of the course include active participation in teams (with Greek students) working on real-world projects and collaboration with project sponsors and stakeholders. The course will take place in Thessaloniki and Athens, Greece, and consist of 45 contact hours. This course is a requirement for obtaining the Texas A&M International Engineering Certificate.",Focused,"9,17",,Spring 2026
The Role of Engineering and Business in Society,ENGR,ENGR,351,Undergraduate,"Exploration of engineering and business contributions to society; political, cultural, societal and economic forces' impact on engineering; using creativity and imagination to solve engineering and societal challenges. Prerequisites: Acceptance into the Zachry Leadership Program; ENGR 350; junior or senior classification or approval by instructor.",Focused,"9,12",,Spring 2026
Global Science and Policy Making,ENSS,ENSS,430,Undergraduate,"This course examines how and why societies make decisions about environmental issues. We will explore major conceptual frameworks for governing human-environment interactions, including regulatory, market-based, and community-based governance. Building on these and other frameworks, we will develop an analytical toolset to describe and analyze environmental decision-making in terms of policy design, institutional and political power relations, values and knowledge systems, scalar characteristics, and effectiveness. In-class activities will put this toolset to work by unpacking environmental governance case studies from various contexts. The course will culminate in a final research project centered on proposing solutions to a real-world environmental governance challenge",Focused,16,,Spring 2026
Environmental Programs Capstone,ENSS,ENSS,405,Undergraduate,"Dynamics and human interactions with near-surface environments including land, atmosphere and oceans through problem-based learning; interdisciplinary environmental problem topic, for example, water quality, urbanization, coastal development, or environmental pollution; geoscience techniques used for monitoring human geosphere interaction. Prerequisites: ENSS 105; junior or senior classification.",Focused,"11,14,15",,Spring 2026
Introduction to Environmental Systems Science,ENSS,ENSS,105,Undergraduate,"Key concepts and generalizations of global environmental issues within an Earth systems science framework including climate change, air pollution, land and coastal degradation, water resources and pollution, and habitat loss; environmental ethics, economics and politics; environmental issues in Texas. Enrollment preference will be given to environmental systems science and environmental studies majors.",Focused,"9,13,14,15,16",,Spring 2026
Disease Ecology,ENTO,ENTO,425,Undergraduate,"Ecological interactions that influence the distribution and abundance of pathogens, vectors, and hosts ultimately determine the spread of disease; impacts of urbanization, climate change, and other human influenced environmental changes on disease dynamics; integration of disease ecology into pathogen and vector monitoring and comprehensive strategies to reduce disease occurrence.",Focused,"4,11,13",,Spring 2026
Global Public Health Entomology,ENTO,ENTO,210,Undergraduate,"Impacts of insects and insect-borne diseases on public health and well-being around the globe; insect biology, blood-feeding, and transmission of human diseases; role of insect borne diseases on human history, socio-economic development, and public health infrastructure.",Focused,"4,9",,Spring 2026
Family Engagement and Empowerment,EPFB,EPFB,210,Undergraduate,"Provision of information and skills necessary to work with diverse families; study of the need for positive school-family collaboration and characteristics of families throughout the life cycle, the collaboration of educators with families through the special education process, and the provision of family services through community agencies.",Focused,"3,4,10,16",,Spring 2026
Sustainability & Life Cycle Analysis,EVEN,EVEN,466,Undergraduate,"Definitions of sustainability and sustainable development from social, economic, political, and technical perspectives; life-cycle analysis and quantitative assessment of sustainability; industrial ecology; valuation of environmental goods and externalities; sustainable infrastructure design and management. Prerequisites: Junior or senior standing or consent of the instructor.",Focused,"10,12,16",,Spring 2026
Engineered Environmental Systems,EVEN,EVEN/CVEN,402,Undergraduate,"Unit operations and processes in environmental engineering; physical, chemical, and biological treatment of water and wastewater; treatment system analysis and design",Focused,6,,Spring 2026
Engineered Environmental Systems,CVEN,EVEN/CVEN,402,Undergraduate,"Unit operations and processes in environmental engineering; physical, chemical, and biological treatment of water and wastewater; treatment system analysis and design",Focused,6,,Spring 2026
Water Resources Engineering,EVEN,EVEN/CVEN,339,Undergraduate,"This course is a gateway to solving complex civil engineering challenges involving sustainable flood risk management, water supply, and groundwater. This course builds on fluid mechanics with new theory and applications on hydrology, open channel hydraulics, and pressure conduits.",Focused,6,,Spring 2026
Water Resources Engineering,CVEN,EVEN/CVEN,339,Undergraduate,"This course is a gateway to solving complex civil engineering challenges involving sustainable flood risk management, water supply, and groundwater. This course builds on fluid mechanics with new theory and applications on hydrology, open channel hydraulics, and pressure conduits.",Focused,6,,Spring 2026
Feminist Film and Media,FILM,FILM/WGST,489,Undergraduate,"Since the nineteenth century, feminism has become one of the most powerful forces for social and political change. This course explores how film and media engage with feminism as a multifaceted global movement to end sexism. Adopting a global intersectional approach informed by gender studies, queer studies, and feminist film theory, we will interrogate the potentials and limits of various forms of film and media to function as effective modes and sites of resistance against white patriarchal systems. The focus of discussion will range from gender representation, including the “male gaze” (Laura Mulvey) and the “oppositional gaze” (bell hooks); through questions of aesthetics and politics; through performance, gendered labor, and technology; through genres like horror and comedy; through decolonial feminism; to women’s film history, feminist historiography, and archival absences. Films and media objects will include works by Chantal Akerman, Ana Lily Amirpour, Julie Dash, Zeinabu irene Davis, Greta Gerwig, Alice Guy Blaché, Barbara Hammer, Miranda July, Wanuri Kahiu, Sarah Maldoror, Janelle Monáe, Agnès Varda, and more.",Focused,5,,Spring 2026
Feminist Film and Media,WGST,FILM/WGST,489,Undergraduate,"Since the nineteenth century, feminism has become one of the most powerful forces for social and political change. This course explores how film and media engage with feminism as a multifaceted global movement to end sexism. Adopting a global intersectional approach informed by gender studies, queer studies, and feminist film theory, we will interrogate the potentials and limits of various forms of film and media to function as effective modes and sites of resistance against white patriarchal systems. The focus of discussion will range from gender representation, including the “male gaze” (Laura Mulvey) and the “oppositional gaze” (bell hooks); through questions of aesthetics and politics; through performance, gendered labor, and technology; through genres like horror and comedy; through decolonial feminism; to women’s film history, feminist historiography, and archival absences. Films and media objects will include works by Chantal Akerman, Ana Lily Amirpour, Julie Dash, Zeinabu irene Davis, Greta Gerwig, Alice Guy Blaché, Barbara Hammer, Miranda July, Wanuri Kahiu, Sarah Maldoror, Janelle Monáe, Agnès Varda, and more.",Focused,5,,Spring 2026
CINEMA IN ISRAEL,FILM,FILM/JWST,315,Undergraduate,Consideration and analysis of major works of film in Israel; interpretation of diverse cultures in Israel through film; relationship of film to Israeli history; taught in English.,Focused,10,,Spring 2026
CINEMA IN ISRAEL,JWST,FILM/JWST,315,Undergraduate,Consideration and analysis of major works of film in Israel; interpretation of diverse cultures in Israel through film; relationship of film to Israeli history; taught in English.,Focused,10,,Spring 2026
Understanding Obesity,FSTC,FSTC/NUTR,320,Undergraduate,"Perspectives of obesity in food science, nutrition, health and psychology; study of obesity factors in relation to genetics, exercise physiology and sociology with emphasis on food and nutrition. Prerequisites: Junior or senior classification or approval of instructor. Cross-listed with FSTC 320",Focused,3,,Spring 2026
Understanding Obesity,NUTR,FSTC/NUTR,320,Undergraduate,"Perspectives of obesity in food science, nutrition, health and psychology; study of obesity factors in relation to genetics, exercise physiology and sociology with emphasis on food and nutrition. Prerequisites: Junior or senior classification or approval of instructor. Cross-listed with FSTC 320",Focused,3,,Spring 2026
Religious and Ethnic Foods Section,FSTC,FSTC/NUTR,300,Undergraduate,"Understanding religious and ethnic foods with application to product development, production, and nutritional practices; emphasis on different cultures, food rules, and priorities with attention given to different religious and ethnic groups within the US and around the world.",Focused,"3,10",,Spring 2026
Religious and Ethnic Foods Section,NUTR,FSTC/NUTR,300,Undergraduate,"Understanding religious and ethnic foods with application to product development, production, and nutritional practices; emphasis on different cultures, food rules, and priorities with attention given to different religious and ethnic groups within the US and around the world.",Focused,"3,10",,Spring 2026
Hullabaloo U,FYEX,FYEX,101,Undergraduate,"The purpose of Hullabaloo U is to create a welcoming environment for each new student. Students will develop self-efficacy, self-awareness, and a sense of purpose; become actively engaged in the learning environment inside and outside of the classroom; and become socially integrated within the university community.",Focused,"3,4,11",,Spring 2026
Genetics and Society,GENE,GENE,489,Undergraduate,"This undergraduate-level genetics course is designed for students interested in understanding the genetic foundations—primarily in humans, though not exclusively—and their relationship to society. We explore the genetic aspects of sex determination, precision medicine, sleep, the microbiome, forensic science, and more, and examine their broader impact on society.",Focused,"3,11",,Spring 2026
Special Topics in…how cities modify local climates,GEOG,GEOG,489,Undergraduate,"This course offers an in-depth exploration of the intersection between urban atmospheric processes and human health and comfort, with a specific focus on cities as dynamic climatic environments. As urban populations grow and climate change intensifies, understanding how cities modify local climates and how these changes affect human well-being has become more critical than ever",Focused,"11,13",,Spring 2026
Environmental Justice,GEOG,GEOG,430,Undergraduate,"Exploration into the spatial variability and human geography of exposure to environmental hazards in U.S. and international contexts; emphasizes environmental equity and environmental racism as it relates to occupational, leisure, and residential geography. Prerequisites: GEOG 201 or GEOG 202; junior or senior classification.",Focused,"3,14,15,16,17",,Spring 2026
Natural Hazards,GEOG,GEOG,360,Undergraduate,Introduction to the types and causes of natural events that pose risk to society; an examination of prevailing concepts and theories of human response and vulnerability; characteristics of natural events; natural hazard paradigms; case studies. Prerequisites: GEOG 203 or GEOL 101; junior or senior classification; also taught at Galveston campus,Focused,"3,14,15",,Spring 2026
Resources and the Environment,GEOG,GEOG,330,Undergraduate,"Changing demand for land and sea resources; international conditions of population growth, resource depletion and geopolitical control; resource perceptions and decision-making",Focused,"11,16,17",,Spring 2026
Environmental Change,GEOG,GEOG,205,Undergraduate,"Systems perspective on important attributes, elements, and connections within earth's physical environment; dynamic nature of environment at multiple spatial and temporal scales",Focused,"10,13",,Spring 2026
Disasters & Society,GEOL,GEOL,110,Undergraduate,"Exploration of the science behind disasters; how they occur, the choices society makes that create or affect disasters, how certain populations are privileged during disasters by the decisions society has made and how science informs preparation for and response to future disasters",Focused,"10,11",,Spring 2026
Energy and the Environment: Conflict or Compatibility,HIST,HIST,381,Undergraduate,"Examination of history of renewable and non-renewable energy sources and their impact on the environment; focuses on the research of scientists and the scientific-technological, political, economic, and cultural issues that emerged in the 1800s-2000s; investigation of whether production and consumption of non-renewable fossil fuel energy sources are compatible or in conflict with the scientific community’s environmental concerns.",Focused,"7,13",,Spring 2026
Environmental Health,HLTH,HLTH,429,Undergraduate,"Emphasis on the interconnectedness between the environment, both natural and man-made, and human health; range of topics including sustainability, population growth, toxicology, waste management, air and water quality, built environment and environmental psychology; demonstration of how the environment can support or hinder each dimension of wellness while being effective consumers of information. Prerequisite: Junior or senior classification",Focused,"3,11,14,15,16",,Spring 2026
Human Sexuality,HLTH,HLTH,342,Undergraduate,"Many aspects of human sexuality; physiology and function of human reproductive system; factors involved in learning sex roles; biological and emotional motivations associated with the sexual aspects of life and their relationship to marriage and family planning. This course will focus on three primary goals: enhancing knowledge, increasing comfort, and facilitating communication aboutsex. You will be tasked with learning about human sexuality topics, then be able to teach human sexuality to others. Learning aboutsexuality not only includes mastering the fundamental body of knowledge ofsexology accepted as ""fact"" today, but learning how to ask questions, how to comfortably communicate with others, and how to be willing to admit ""I’m not certain."" It is one thing to know, but quite another to be comfortable with what one knows—particularly in terms of tolerance of others whose values or practices or beliefs differ from one’s own, and in terms of the ability to translate what one knows intellectually into the realm of personal relationships",Focused,"3,5,10",,Spring 2026
Women's Health,HLTH,HLTH/WGST,334,Undergraduate,A broad range of health issues that are either unique to women or of special importance to women; information for the health consumer; preparation as an advocate of healthy lifestyles; awareness of the role health plays in the life of all women. Prerequisite: Junior or senior classification. Cross-listed with PHLT 360 and WGST 334.,Focused,"3,5,10",,Spring 2026
Women's Health,WGST,HLTH/WGST,334,Undergraduate,A broad range of health issues that are either unique to women or of special importance to women; information for the health consumer; preparation as an advocate of healthy lifestyles; awareness of the role health plays in the life of all women. Prerequisite: Junior or senior classification. Cross-listed with PHLT 360 and WGST 334.,Focused,"3,5,10",,Spring 2026
Community Health,HLTH,HLTH,331,Undergraduate,"Exploration of aspects of a healthy community through community organizing, building and asset mapping; identification of factors that influence the health of the community; utilization of research methods and analysis to assess community health; identification of and application of evidence-based practices and interventions to address common community health issues.",Focused,"3,11",,Spring 2026
Intro to Health Disparity andDiversity,HLTH,HLTH,236,Undergraduate,"Intro to Health Disparity and Diversity (HLTH 236) course will explore in-depth the racial, ethnic, and cultural dimensions that underlie health and health disparities. Special attention will be paid to culture, social economic status, and governmental policies as they influence the adaptation of health practices. The aim of this course is to introduce students to important health issues that face individuals of differentracial and ethnic backgrounds. This course will address and explore a range of issuesrelated to the health status of various racial and ethnic groups. This is an introductory health course offered to all undergraduate students at Texas A&M University. As such, it is designed to provide a broad overview of the issues relating to health and healthcare access and the influences that these disparities have on the quality experienced by all persons in the United States. During the semester the course will include topics such as African American Health, American Indian and Alaskan Native Health, Health Care Access and Differences in Health, etc.",Focused,"3,10,16",,Spring 2026
Healthy Lifestyles,HLTH,HLTH,231,Undergraduate,"Introduces a variety of health issues that affect college students, including mental health, stress management, injury prevention, conflict resolution, alcohol/drug use and abuse, physical activity, nutrition, spirituality, and environmental health. Students will explore how these concepts interconnect and develop a holistic understanding of what it means to live healthfully",Focused,3,,Spring 2026
Global Sustainable Business,IBUS,IBUS,320,Undergraduate,"Examination of sustainable business development, financial literacy, and small business consulting; real world comprehension on how to successfully engage in sustainable business development in context of host community and country's economic, cultural, and political issues; global field-study based course with hands on experience engaging indigenous, rural community for 1-2 weeks abroad. May be repeated two times for credit.",Focused,"9,17",,Spring 2026
Foundations of Education in a Multicultural Society,INST,INST,222,Undergraduate,"Historical, philosophical and cultural foundations of education emphasizing education for a multicultural society; also taught at Qatar campus.",Focused,"4,10",,Spring 2026
Understanding Special Populations/Overview of Exceptional Students,INST,INST,210,Undergraduate,"Overview of historical foundations for special education practice; definitions of disabilities, 
relevant educational characteristics of students with disabilities; assessment procedures 
associated with the identification of students' disabilities; intervention procedures related to the 
education of students with disabilities.",Focused,"4,10",,Spring 2026
Inter-American Affairs: US Interventions in Latin America and Beyond,INTA,INTA,494,Undergraduate,"This course examines the dynamics of contemporary Inter-American political relations, with an emphasis on policy and security issues affecting the United States, Canada, the Caribbean, and Latin America. It explores the modern history of the United States through the lens of interventions, spanning from the Marine assault on Tripoli in 1805 to the military intervention in Libya in 2011. Focusing on invasions, coups, and other interventions, this course tries to understand the motives behind each action, analyze the strategies used, and determine the impacts on both American history and the world in the longer term. Through the study of each intervention, we will aim to not only to understand the local events that led to the incidents, but also to see the patterns and themes that show the driving forces of American interventionism. Beginning with an exploration of the ideological roots of American interventionism, we trace its evolution across key periods, including the Spanish-American War, the era of gunboat diplomacy, and the clandestine interventions of the Cold War era. We will then explore the modern age of invasions, marked by conflicts in Afghanistan and Iraq. As we conclude, we encounter the pressing question of future interventions, recognizing the centrality of this issue in American foreign policy debates and the importance of learning from the past to inform contemporary decision-making.",Focused,"16,17",,Spring 2026
Women and International Affairs,INTA,INTA,445,Undergraduate,"Overview of important dimensions of women and international affairs; stratification of human society by sex, women and international political economy, women and national/international security, women and international human rights; examination of international efforts to improve women’s situation worldwide and other international policy initiatives.",Focused,"5,17",,Spring 2026
Theories of Globalization,INTA,INTA,301,Undergraduate,"Diverse global and international cultural processes in their economic and political contexts; analyses of theoretical lenses on transnationalism including diaspora, hybridity, liminality, marginality, cyborgism, nomadism, scapes and flows and others; case studies of global cultures.",Focused,"10,17",,Spring 2026
Contemporary Issues in the Global South,INTA,INTA/AFST,261,Undergraduate,"Upon completion of this course, the learner will be ble to summarize and synthesize academic readings about social, economic, and political issues in the global South; Explain broad historical outline of histories of colonialism, national independence, the Cold War, and globalization Senegal, Ghana, Brazil and Vietnam; Describe contemporary social issues in the gloal South related to migration, global care chains, free trade zones, climate change, and extraction; Analyze global South feature films and documentaries as political discourse.",Focused,"13,16,17",,Spring 2026
Contemporary Issues in the Global South,AFST,INTA/AFST,261,Undergraduate,"Upon completion of this course, the learner will be ble to summarize and synthesize academic readings about social, economic, and political issues in the global South; Explain broad historical outline of histories of colonialism, national independence, the Cold War, and globalization Senegal, Ghana, Brazil and Vietnam; Describe contemporary social issues in the gloal South related to migration, global care chains, free trade zones, climate change, and extraction; Analyze global South feature films and documentaries as political discourse.",Focused,"13,16,17",,Spring 2026
Contemporary Issues in the Middle East,INTA,INTA,251,Undergraduate,"Upon successfully completing the course students will be able to: • Identify and explain key contemporary political, social, and cultural issues shaping the Middle East. • Analyze the historical, political, and socio-economic dynamics underlying current developments in the region. • Understand how contemporary Middle East politics fit into the big picture of international politics.",Focused,"16,17",,Spring 2026
Culture of Wellness,KINE,KINE,282,Undergraduate,"Explore the dimensions of wellness across worldwide cultures; analyze, compare and contrast wellness choices and their impact on the individual and society; investigate a global region and its wellness practices; integrate physical activity experiences that are centered on the history and culture of a focus activity that originated outside the United States.",Focused,"3,17",,Spring 2026
The Science of Basic Health and Fitness,KINE,KINE,120,Undergraduate,"Overview of the human body; scientific fundamentals of stress, fitness, nutrition, disease and drug use; interdisciplinary focus on wellness and longevity; integrated physical activity experiences centering on principles and applications of the scientific basis of conditioning; not open to students who have taken KINE 223; also taught at Galveston campus.",Focused,3,,Spring 2026
Special Topics in Costa Rica,LAND,LAND/URPN,489,Undergraduate,Articulate knowledge and appreciation of a county’s history and culture • Know and identify common flora and fauna found in the country and local environment • Use/apply basic conversational communication appropriate to foreign travel in the country’s native language • Produce professional quality outputs appropriate to the destination for local application,Focused,"10,17",,Spring 2026
Special Topics in Costa Rica,URPN,LAND/URPN,489,Undergraduate,Articulate knowledge and appreciation of a county’s history and culture • Know and identify common flora and fauna found in the country and local environment • Use/apply basic conversational communication appropriate to foreign travel in the country’s native language • Produce professional quality outputs appropriate to the destination for local application,Focused,"10,17",,Spring 2026
Green Roofs and Walls Special Topics,LAND,LAND,485,Undergraduate,"The class is a hands-on introduction to living architecture and specifically green roof design, planning and implementation in central Texas. Additionally, students will have opportunity to collaborate in improving the Schob Nature Reserve rain garden parallel with the restoration of the Langford Architecture Building green roof experiment as well as monitoring and maintaining the Langford living wall.",Focused,11,,Spring 2026
Community Planning and Design,LAND,LAND,312,Undergraduate,"Continuation of LAND 311; land design projects of increased complexity and emphasis on sustainability, with site scale problems used to demonstrate complete design thought. One or more field trips may be required. Prerequisite: LAND 311.",Focused,11,,Spring 2026
Introduction to Latino/Mexican American Studies,LMAS,LMAS,201,Undergraduate,Introductory survey of the historical presence of U.S. Latinos and Mexican Americans from an interdisciplinary perspective that incorporates the group’s global origins; application of critical thinking skills to the study of Latinos and Mexican Americans.,Focused,10,,Spring 2026
Social Entrepreneurship,MGMT,MGMT,478,Undergraduate,"Applying business principles and practices to solve social, economic and environmental problems; social entrepreneurship concepts and issues in scaling social enterprise ventures including management tools, organization structures, funding sources, impact measurement; experience in opportunity recognition, designing, planning, pitching social mission ventures; build social capital with social enterprise founders. Prerequisites: Junior or senior classification. Cross-listed with SOCI 450 and PSAA 465.",Focused,9,,Spring 2026
Building Healthy Communities II - Fostering Health Infrastructure,NURS,NURS,344,Undergraduate,"Unique role of the nurse in local, state, country, and global communities including design, implementation, and evaluation of culturally appropriate and targeted interventions; coordinating with community members to improve health outcomes, build knowledge and resilience, and facilitate recovery from disaster; includes a clinical component. Prerequisites: Grade of C or better in NURS 330, NURS 340, and NURS 343.",Focused,"3,9,10,16",,Spring 2026
Building Healthy Communities I - Wellness and Health Promotion Across the Lifespan,NURS,NURS,343,Undergraduate,"Examination of individual and population health prevention and promotion across the lifespan including concepts of health screenings, literacy, equity and access, policy, care delivery systems and roles, epidemiology, and the use of big data for assessing the health of communities; includes a clinical component. Prerequisites: Junior classification and admission to the BSN Nursing Program.",Focused,"3,9,10,16",,Spring 2026
Community Nutrition,NUTR,NUTR,430,Undergraduate,Principles of assessing nutrition problems in populations and planning nutrition programs to promote health in communities including nutrition education and food and nutrition policy; introduction to food and nutrition assistance programs. Prerequisites: NUTR 301; junior or senior classification.,Focused,"3,9,10,16",,Spring 2026
Marine Pollution,OCNG,OCNG,350,Undergraduate,"Sources and fates of marine pollutants; types of pollutants including plastics, oil and sound; impact of pollution on society. Prerequisite: Junior or senior classification or approval of instructor.",Focused,"12,14",,Spring 2026
Psychological and Social Determinants of Health Disparities (DETERMINANTS HLTH DISPARITIES),PBSI,PBSI,445,Undergraduate,"Critical examination of macrosocial factors and position within racial and social statuses that most often affect health, causing disparities, through intermediary mechanisms and processes, such as health behavior, stress, medical care and a broad range of social, psychological, cultural and religious resources.",Focused,10,,Spring 2026
Behavioral Disorders of Children,PBSI,PBSI,407,Undergraduate,"Behavior problems related to childhood; psychological aspects of mental retardation, emotional disturbance, physical handicaps and other disorders; causative factors, preventative and therapeutic methods explored; where feasible, practical experience included as requirement. Prerequisites: PBSI 306; PBSI 307 or equivalent.",Focused,4,,Spring 2026
Health Psychology and Behavioral Medicine,PBSI,PBSI,360,Undergraduate,"Health psychology emphasizing behavioral and lifestyle factors in health and illness, prevention and modification of health-compromising behaviors, health care utilization, and psychological management of chronic disorders and psychological management of chronic disorders and terminal illnesses. Prerequisites: PBSI 107; junior or senior classification.",Focused,3,,Spring 2026
Psychology of Women (Honors),PBSI,PBSI/WGST,300,Undergraduate,"This course will cover the psychological experiences of women across the lifespan through feminist, developmental, and intersectional frameworks, analyze how social, cultural, biological, and psychological factors shape women’s roles and identities in diverse contexts and explore key topics including gender development, media representation, sexual and reproductive health, cognitive and emotional functioning, work-family dynamics, and mental and physical health. Students will investigate how intersecting identities—such as race, class, sexual orientation, and disability—impact access, opportunity, and psychological well-being, strengthen critical thinking and apply evidence-based insights to real-world issues affecting women.",Focused,"5,10",,Spring 2026
Psychology of Women (Honors),WGST,PBSI/WGST,300,Undergraduate,"This course will cover the psychological experiences of women across the lifespan through feminist, developmental, and intersectional frameworks, analyze how social, cultural, biological, and psychological factors shape women’s roles and identities in diverse contexts and explore key topics including gender development, media representation, sexual and reproductive health, cognitive and emotional functioning, work-family dynamics, and mental and physical health. Students will investigate how intersecting identities—such as race, class, sexual orientation, and disability—impact access, opportunity, and psychological well-being, strengthen critical thinking and apply evidence-based insights to real-world issues affecting women.",Focused,"5,10",,Spring 2026
Psychology of Culture and Diversity,PBSI,PBSI,209,Undergraduate,"Introduction to various issues surrounding an increasingly interconnected and globalized world by critically examining the dynamic relationship between psychological processes and diverse (e.g., motivation, memory, self, prejudice) socio-cultural contexts.",Focused,10,,Spring 2026
Performing Communities,PERF,PERF,338,Undergraduate,"Consideration of socio-cultural, aesthetic and ethical issues in arts-based community engagement; development of a community-based performance project.",Focused,"10,11",,Spring 2026
Dance and Iden3ty in the US,PERF,PERF,326,Undergraduate,"Analysis of dance events as complex sites for social acGon; examines dances performed by diverse groups of people; considers such issues as idenGty, community, diversity, gender and representaGon in the United States.",Focused,"10,11",,Spring 2026
Environmental Ethics,PHIL,PHIL,314,Undergraduate,"Moral basis of duties to preserve or protect plants, animals and environmental systems; foundations of environmental law and policy; the idea of nature in philosophy; critique of social and economic analyses of environmental values.",Focused,"14,15",,Spring 2026
Global Health: New Zealand Study Abroad,PHLT,PHLT,470,Undergraduate,"Compare the impacts of policies and procedures on health outcomes between the United States, Australia and New Zealand.",Focused,"3,16,17",,Spring 2026
Strategies for Population Health Improvement,PHLT,PHLT,441,Undergraduate,"The three core functions of public health and strategies for improving population health; case studies exploring multiple types of interventions; engagement in class discussion, break-out groups and group assignments.",Focused,"3,16",,Spring 2026
Rural Health,PHLT,PHLT,405,Undergraduate,"This course will examine the multitude of issues facing rural health care. Specific emphasis will be placed on understanding the geographical disparities of rural communities and how they affect health care delivery. Geographical analysis of ecological patterns and of changes in those patterns will be addressed to the association of rural residents. The complex interactions between populations, behavior, and physical environment will be analyzed in this course. Additionally, the availability and access to medical care services for rural populations will be addressed.",Focused,"3,10,16",,Spring 2026
Women's Health,PHLT,PHLT/HLTH/WGST,360,Undergraduate,A broad range of health issues that are either unique to women or of special importance to women; information for the health consumer; preparation as an advocate of healthy lifestyles; awareness of the role health plays in the life of all women. Prerequisites: Junior or senior classification. Cross-listed with HLTH 334 and WGST 334,Focused,"3,5",,Spring 2026
Women's Health,HLTH,PHLT/HLTH/WGST,360,Undergraduate,A broad range of health issues that are either unique to women or of special importance to women; information for the health consumer; preparation as an advocate of healthy lifestyles; awareness of the role health plays in the life of all women. Prerequisites: Junior or senior classification. Cross-listed with HLTH 334 and WGST 334,Focused,"3,5",,Spring 2026
Women's Health,WGST,PHLT/HLTH/WGST,360,Undergraduate,A broad range of health issues that are either unique to women or of special importance to women; information for the health consumer; preparation as an advocate of healthy lifestyles; awareness of the role health plays in the life of all women. Prerequisites: Junior or senior classification. Cross-listed with HLTH 334 and WGST 334,Focused,"3,5",,Spring 2026
Health Disparities and Diversity in Society,PHLT,PHLT,336,Undergraduate,"This course will explore the racial, ethnic, and cultural dimensions that underlie health and health disparities. Special attention will be paid to culture, social economic status, and governmental policies as they influence the adaptation of health practices. The aim of this course is to introduce students to important health issues that face individuals of different racial and ethnic backgrounds. This course will address and explore a range of issues related to the health status of various racial and ethnic groups. This is an introductory health course offered to all undergraduate students at Texas A&M University. As such, it is designed to provide a broad overview of the issues relating to health and healthcare access and the influences that these disparities have on the quality experienced by all persons in the United States. During the semester, the course will include topics such as African American Health, American Indian and Alaskan Native Health, Health Care Access and Differences in Health, etc.",Focused,"3,10,16",,Spring 2026
The Environment and Public Health,PHLT,PHLT,330,Undergraduate,"This public health core knowledge course addresses factors that pose risks and hazards to population health in the environment and in specific contexts such as homes, workplaces, consumer products, and in natural and man-made disasters. Topics include the methods for defining environmental contamination; identifying contaminants, pathogens, and toxins; assessing risks and causality; determining health impact; ameliorating hazards; and protecting the population through waste management, regulatory programs, environmental inspections, food and product safety, and environmental policy. Includes interaction with professionals in public health practice.",Focused,"3,14,15,16",,Spring 2026
Population Health Promotion,PHLT,PHLT,309,Undergraduate,"Exploration of the application of social determinants of health to population health promotion; identification of socio economic, behavioral, cultural, societal and political factors that influence population health promotion; utilization of a socio-ecological approach in health promotion to address major health-related needs and concerns of populations; use public health planning models, theories and methods for effective health promotion.",Focused,"3,10,16",,Spring 2026
Public Health in the Global Context Academic,PHLT,PHLT,307,Undergraduate,"Frameworks for understanding public health on a global scale; description of current and emerging global health priorities, such as emerging infectious diseases and chronic diseases; health systems reforms; cultural competence, human rights and ethics in global health; science and technological innovation for global health; global institutions and partnerships",Focused,"3,10,16,17",,Spring 2026
Fish Health and Disease,RWFM,RWFM,445,Undergraduate,"Health disorders and diseases of finfish and shellfish, including water quality issues and management, environmental endocrine disruptors, biosecurity, and practical techniques used to isolate, identify, and manage or mitigate diseases.",Focused,14,,Spring 2026
Ecology and Society,RWFM,RWFM,420,Undergraduate,"Study and compare human and natural ecosystems using diversity, interrelations, cycles, and energy as the conceptional organization; central themes of the course are sustainability, stewardship and science.",Focused,"14,15",,Spring 2026
Conservation of Natural Resources,RWFM,RWFM,375,Undergraduate,"Principles and philosophies associated with the development, management and use of natural resources; ecological and social implications inherent in management alternatives involving the natural environment and use of renewable natural resources",Focused,"14,15",,Spring 2026
Environmental Soil and Water Science,SCSC,SCSC,455,Undergraduate,"Discussion of physical, chemical, and biological properties of soil and water and the impact on productivity and sustainability of various ecosystems; application of the knowledge of properties and soil processes to develop and evaluate strategies for protecting and/or improving soil and water quality.",Focused,"6,15",,Spring 2026
Forage Ecology and Management,SCSC,SCSC,444,Undergraduate,"Investigation of multidisciplinary approaches toward the development of integrated forage, livestock, and wildlife production systems that are economically feasible and environmentally sustainable.",Focused,15,,Spring 2026
International Agricultural Systems,SCSC,SCSC,410,Undergraduate,Contrast modern agriculture systems with those in developing countries; emphasis on natural resources and technologies interacting with economic and social development on a global scale.,Focused,"2,17",,Spring 2026
Social Entrepreneurship,SOCI,SOCI,450,Undergraduate,"Applying business principles and practices to solve social, economic and environmental problems; social entrepreneurship concepts and issues in scaling social enterprise ventures including management tools, organization structures, funding sources, impact measurement; experience in opportunity recognition, designing, planning, pitching social mission ventures; build social capital with social enterprise founders. Prerequisites: Junior or senior classification. Cross-listed with SOCI 450 and PSAA 465.",Focused,9,,Spring 2026
Environmental Sociology,SOCI,SOCI,328,Undergraduate,"A comprehensive overview of environmental sociology, including major sociological theories, concepts and policy issues affecting our understanding of environmental changes; emphasizes social factors that impact environmental quality.",Focused,"14,15,16",,Spring 2026
Sociology of African Americans,SOCI,SOCI/AFST,323,Undergraduate,Major elements of the Afro-American subculture in relation to white American society and its major social institutions. Prerequisite: SOCI 205. Cross-listed with AFST 323.,Focused,"10,16",,Spring 2026
Sociology of African Americans,AFST,SOCI/AFST,323,Undergraduate,Major elements of the Afro-American subculture in relation to white American society and its major social institutions. Prerequisite: SOCI 205. Cross-listed with AFST 323.,Focused,"10,16",,Spring 2026
Racial and Ethnic Relations,SOCI,SOCI/AFST,317,Undergraduate,"Status of racial and ethnic groups such as Native Americans, African Americans, Latino Americans, Asian Americans, European Americans, and other groups in the political, economic, legal and social systems of the United States. Prerequisite: Junior or senior classification or approval of instructor. Cross-listed with AFST 317.",Focused,"10,16",,Spring 2026
Racial and Ethnic Relations,AFST,SOCI/AFST,317,Undergraduate,"Status of racial and ethnic groups such as Native Americans, African Americans, Latino Americans, Asian Americans, European Americans, and other groups in the political, economic, legal and social systems of the United States. Prerequisite: Junior or senior classification or approval of instructor. Cross-listed with AFST 317.",Focused,"10,16",,Spring 2026
Sociology of Gender,SOCI,SOCI/WGST,316,Undergraduate,"Sociological explanations of status differences between men and women; cross-cultural comparisons; gender role socialization, cultural stereotypes, discrimination; gender roles and status in the family, economy, religion, science, other social institutions; deviance, victimization and gender; recent social changes. Cross-listed with WGST 316.",Focused,"5,16",,Spring 2026
Sociology of Gender,WGST,SOCI/WGST,316,Undergraduate,"Sociological explanations of status differences between men and women; cross-cultural comparisons; gender role socialization, cultural stereotypes, discrimination; gender roles and status in the family, economy, religion, science, other social institutions; deviance, victimization and gender; recent social changes. Cross-listed with WGST 316.",Focused,"5,16",,Spring 2026
Social Problems,SOCI,SOCI,214,Undergraduate,"In this course we will work to understand how certain social conditions come to be labeled as “social problems” and recognize the influence of research, policymakers, the media, and public perception; explore various social topics and examine research on issues that affect many lives, enhancing our critical thinking, ethical understanding, and sense of social responsibility; cultivate key skills such as an awareness of others' beliefs and behaviors and an understanding of their motivations, developing realistic and equitable solutions to real-life problems, and communicating effectively in ways that resonate with multiple audiences; use qualitative and quantitative data to assess patterns and convey information; drawing connections between social theory and real-world issues may require addressing challenging topics, but engaging in these discussions respectfully promotes understanding in a controlled environment for mature conversations.",Focused,10,,Spring 2026
Gender and Health,SOCI,SOCI/WGST,213,Undergraduate,"As per the course catalog description, this course examines the social and historical context of health in the U.S., including inequities in health by gender, race, and class and gendered issues in health professions.",Focused,"3,4,10",,Spring 2026
Gender and Health,WGST,SOCI/WGST,213,Undergraduate,"As per the course catalog description, this course examines the social and historical context of health in the U.S., including inequities in health by gender, race, and class and gendered issues in health professions.",Focused,"3,4,10",,Spring 2026
Sociology of Sport,SPMT,SPMT,319,Undergraduate,"Social institution of sport and its consequences for American society; social organization from play to professional sport; violence, discrimination, women in sport; socialization implications from participation in sports.",Focused,"4,10,16",,Spring 2026
Dynamics and Management in Multicultural/Inclusionary Learning Environments,TEFB,TEFB,371,Undergraduate,"Field-based course focusing on communication, methodology and management perspectives that lead to democratic classrooms; organizational structures that focus on transformative, inclusionary learning; interventions for students with disabilities; analysis of systemic conditions placing children from diverse backgrounds and representing diverse abilities in positions of ""risk"" for incomplete success in school. Prerequisite: Admission to teacher education; junior or senior classification; concurrent enrollment in EDCI 354",Focused,"4,10",,Spring 2026
"Introduction to Culture, Community, Society, and Schools",TEFB,TEFB,273,Undergraduate,"This is a field-based course that introduces the culture of schooling and classrooms for analysis within the lens of language, racial, socio-economic, ethnic, ability, and academic diversity; the family as a partner in education and educational equality discussed.",Focused,"4,10",,Spring 2026
Sociology of Sport,SPMT,SPMT,319,Undergraduate,"Social institution of sport and its consequences for American society; social organization from play to professional sport; violence, discrimination, women in sport; socialization implications from participation in sports.",Focused,"5,10",,Spring 2026
Sustainable Communities,URPN,URPN,460,Undergraduate,"This course focuses on the concept of sustainability as it applies to human communities. It is particularly oriented toward applications of public policy and design. Topics covered include societal organization; biophilia and anthropocentrism; and empowered community approaches to design, ecology, and public policy. It will explore concepts related to sustainability in a lecture-and-discussion format, with supporting textbook readings and reviews of relevant literature and media. These classic approaches will be complemented with exercises designed to illustrate specific principles within the subject matter.",Focused,11,,Spring 2026
Urban Issues,URPN,URPN,361,Undergraduate,"This course examines urban challenges including housing access, racial tension, poverty, environmental health, and urban sustainability from an analytical perspective. Course materials and discussions are intended to enable critical inquiry and empirical analysis of multiple perspectives. Students will engage with course topics respectfully through scholarly and evidence-based analysis, which emphasizes critical analysis rather than advocacy.",Focused,11,,Spring 2026
Feminist Theory,WGST,WGST,401,Undergraduate,"This course is an inquiry-based examination of feminist theory from various disciplinary perspectives, with application to past and current cultural and societal debates and controversies. Disciplinary approaches may include those from sociology, cultural anthropology, political science, rhetoric, philosophy, science studies, literary studies, legal studies, performance studies, history, visual culture, and media studies, among others.",Focused,5,,Spring 2026
Women's Health,WGST,WGST,334,Undergraduate,A broad range of health issues that are either unique to women or of special importance to women; information for the health consumer; preparation as an advocate of healthy lifestyles; awareness of the role health plays in the life of all women. Prerequisites: Junior or senior classification. Cross-listed with HLTH 334 and PHLT 360.,Focused,"4,5",,Spring 2026
Sociology of Gender,WGST,WGST/SOCI,316,Undergraduate,"Sociological explanations of status differences between men and women; cross-cultural comparisons; gender role socialization, cultural stereotypes, discrimination; gender roles and status in the family, economy, religion, science, other social institutions; deviance, victimization and gender; recent social changes. Cross-listed with WGST 316.",Focused,"5,16",,Spring 2026
Sociology of Gender,SOCI,WGST/SOCI,316,Undergraduate,"Sociological explanations of status differences between men and women; cross-cultural comparisons; gender role socialization, cultural stereotypes, discrimination; gender roles and status in the family, economy, religion, science, other social institutions; deviance, victimization and gender; recent social changes. Cross-listed with WGST 316.",Focused,"5,16",,Spring 2026
Introduction to Women’s and Gender Studies,WGST,WGST,289,Undergraduate,"This course explores the core concepts of the interdisciplinary field of Women’s and Gender Studies, focusing on various perspectives, scholarship, theories, and histories of sex, gender, and sexuality; examines theories of intersectionality, analyzing the interplay among race/racism, class/classism, sex/sexism, disability/ableism, nation/nationalism, and/or religion/religious bias among other factors in gendered experiences and systems; surveys feminist, queer, anti-racist, decolonial, and/or global scholarship that examines how social institutions and control mechanisms enact power, privilege, and bias; engages controversial material and historical and/or contemporary case studies that challenge and/or support conventional understandings of gender, sex, sexuality, identity, and power as necessary to achieve course learning outcomes and proficiency in disciplinary concepts and ideas.",Focused,5,,Spring 2026
Gender and Health,WGST,WGST/SOCI,213,Undergraduate,"As per the course catalog description, this course examines the social and historical context of health in the U.S., including inequities in health by gender, race, and class and gendered issues in health professions.",Focused,"3,4,10",,Spring 2026
Gender and Health,SOCI,WGST/SOCI,213,Undergraduate,"As per the course catalog description, this course examines the social and historical context of health in the U.S., including inequities in health by gender, race, and class and gendered issues in health professions.",Focused,"3,4,10",,Spring 2026
International Business,ACCT,ACCT,430,Undergraduate,"At the completion of the course, students will be able to evaluate the impact of diverse and global perspectives on professional practice and justify how international experiences enhance global competence.",Inclusive,8,,Spring 2026
Aerospace Design Principles,AERO,AERO,401,Undergraduate,"Study of systems engineering; project lifecycle; stakeholder, concept of operations (CONOPS) & requirements definition; cost assessment; risk management; trade studies; decomposition and design of an aerospace system; engineering ethics; technical communications.",Inclusive,9,,Spring 2026
Food and Agricultural Law,AGEC,AGEC,344,Undergraduate,"Legal principles relevant to the farm family and business; characteristics of legal decisions and rules on 
property rights, and fencing laws; analysis of global, national, state, and local legal issues in contracts, 
torts, water, pollution, and natural resources.",Inclusive,"2,15",,Spring 2026
International Agribusiness and Industry Practices,AGEC,AGEC,495,Undergraduate,"Exposure to agribusiness operations in a international cross-cultural context and production operations, marketing and distribution of agriculture products from around the world; quantitative methods used for engaging in critical thinking about issues confronting the agribusiness industry. Prerequisite: AGEC 105 and junior classification.",Inclusive,"7,8,17",,Spring 2026
Ancient Genetics,ANTH,ANTH,489,Undergraduate,"Explores how biomolecules – DNA, proteins, lipids, and metabolites– persist in plant and animal remains, artifacts, and sediments for thousands to millions of years, preserving key insights into long- term ecological and human history. Determines how these molecules are preserved, identified, and analyzed within archaeological contexts to address interdisciplinary questions about evolution, migration, diet, disease, culture, tool production, health, and environmental change.",Inclusive,3,,Spring 2026
"Science, Pseudoscience and Critical Thinking in Anthropology",ANTH,ANTH,409,Undergraduate,"Close scrutiny of fantastic claims made across a broad spectrum of media regarding anthropology, biological anthropology and archaeology; distinction of science from pseudoscience; critical evaluation of scientific and pseudoscientific research; evaluation of media portrayal of science; development of critical thinking skills for
skeptical investigation of extraordinary claims. Course discussions may also engage diverse and sometimes unfamiliar perspectives, reflecting a variety of contexts – scientific, professional, political, cultural – in which group communication occurs.",Inclusive,"4,10,16",,Spring 2026
Introduction to Forensic Anthropology,ANTH,ANTH,289,Undergraduate,"Examine the foundational role of forensic anthropology within the broader forensic sciences which involves analyzing human skeletal remains for medico-legal applications, covering the history of the discipline and its development. Develop theoretical knowledge of the discipline including the history of how the discipline developed and its role in the broader forensic sciences and international, federal, and state levels. Apply proper anatomical terminology, taphonomy, and comparative morphological methods to discuss and describe skeletal trauma, pathologies, and anomalies. Apply and practice methods used to create a ""biological profile"" for an individual by estimating sex, age, stature, and ancestry. Explore scene recovery methods and how skeletal analysis is applied in a variety of contexts, including routine casework, large-scale natural disasters, war casualties, and human rights investigations. Critically discuss and analyze forensic methods by addressing the practical, ethical, and contested issues/topics facing contemporary forensic anthropologists.",Inclusive,16,,Spring 2026
Introduction to Anthropology,ANTH,ANTH,201,Undergraduate,"Investigates anthropology as the holistic and relativistic study of humankind, exploring human life across diverse cultures, time periods, and geographical locations. Examines the discipline through its four major subfields: archaeology (the study of material culture and the past), biological anthropology (the study of Page 1 of 12 Course Syllabus human evolution and variation), sociocultural anthropology (the study of cultural systems and social organization), and linguistic anthropology (the study of language construction and symbolism). Applies fundamental concepts, including the scientific method and evolutionary theory, to complex human experiences. Develops abilities in critical thinking, analysis of empirical data, and effective communication, engaging with culturally diverse and sometimes controversial subjects. Analyzes the discipline’s relationship with society and its impact on global communities over time.",Inclusive,"11,16,17",,Spring 2026
Global Middle Eastern Cultures,ARAB,ARAB,258,Undergraduate,"Exploration of the contemporary and historical cultures of the Middle East region; investigation of intercultural connections between the Middle East and the rest of the globe; emphasis on cultural traditions, religious communities, societal change, social movements, migration, and diaspora.",Inclusive,"16,17",,Spring 2026
Cultural and Ethical Considerations for Global Practice,ARCH,ARCH,458,Undergraduate,"ARCH 458 will introduce you to the contextual peculiarities of different cultures and places. Architecture, as a place-making activity, is a process requiring an understanding of the significance of space and time. This significance is the result of cultural practices. By cultural practices are meant social activities that reproduce social systems, and that provide meaning in everyday life. In this sense understanding each culture’s social and behavioral rituals and systems are seen as the means for, and outcome of, social activities",Inclusive,"11,16,17",,Spring 2026
Painting and Sculpture in Ancient Architecture,ARCH,ARCH,434,Undergraduate,"ARCH 434 is a course for advanced undergraduates. It is expected that students will already have an understanding of ancient art and architecture and are prepared to engage in rigorous analysis and discussion. Classes will include PowerPoint lectures, discussion of assigned readings, and student presentations. Among the topics to be considered are the development of artistic styles and conventions, iconography and symbolism, art as propaganda, and the power of art and architecture to express identity and beliefs, create historical awareness, and preserve social memory.",Inclusive,11,,Spring 2026
Architecture Design II,ARCH,ARCH,206,Undergraduate,"Fundamental issues of innovative design processes and creation explored through the creative use of past, present and future materials, tools, and technologies; with an emphasis upon the research of materials, methods, scale, craft and technique as instruments of design, fabrication, and production.",Inclusive,11,,Spring 2026
"AREN Heating, Ventilating, and Air Conditioning Design",AREN,AREN,440,Undergraduate,"Project-based design course; select and develop the mechanical system for a building, from the programming phase to the design development and working documents; emphasis on the application HVAC principles in the design and analysis of a mechanical system in a real building, including review of building thermal load calculations & energy analysis, HVAC design goals and schematic design, system selection and system design, HVAC design development, HVAC design documents, and energy, environmental, and human comfort considerations in HVAC design.",Inclusive,"6,11",,Spring 2026
Architectural Engineering Design II,AREN,AREN,402,Undergraduate,"Application and extension of fundamentals of engineering design, product detail, and design development process, including case studies; emphasis on project management, marketing considerations, manufacturing detailed design specifications, failure modes, applications of codes and standards, selection of design margins, product (component) development guidelines, intellectual property, product liability and ethical responsibility; major architectural engineering design project.",Inclusive,11,,Spring 2026
Architectural Engineering Design I,AREN,AREN,401,Undergraduate,"Instruction and practice in the design process applied to an architectural engineering design project; application of establishing customer need, determining requirements in terms of function and performance, developing alternative design concepts, performing trade-off studies among performance, cost and schedule, embodiment and detail design and the iteration of the above steps; major architectural engineering design project.",Inclusive,11,,Spring 2026
Mechanical Systems for Buildings,AREN,AREN,330,Undergraduate,"Introduction to qualitative and quantitative engineering concepts of mechanical systems for buildings for architectural engineers, including HVAC systems, control of indoor air pollutants and fire suppression systems; emphasis on thermal behavior of buildings and building envelopes, human comfort requirements and psychometrics, thermal load calculations, HVAC systems/equipment, design of space air-conditioning and its relationship to architectural design, mechanical systems for indoor air quality and for fire suppression.",Inclusive,11,,Spring 2026
Architectural Engineering Systems,AREN,AREN,300,Undergraduate,"Analysis and application of the engineering design process to solve problems associated with the design and operation of building systems, specifically related to HVAC, electrical power and lighting, and structural integrity; communication of solutions to technical problems of building systems, through writing, presentations, and team interactions, typical of architectural engineers in the building industry; emphasis on the engineering design process in architectural engineering, structural systems for buildings, mechanical systems for heating, ventilation, and air-conditioning, electrical lighting for buildings, building fire safety, building acoustics, building codes and standards, interface issues among different building systems, and sustainability aspects of building systems.",Inclusive,11,,Spring 2026
Architectural Engineering Foundations,AREN,AREN,200,Undergraduate,"Introduction to the broad field and professional practice of architectural engineering, architectural engineering systems, and the role of the architectural engineer; emphasis on professional engineering design services, design and construction processes and documents, building envelope and materials, structural systems, mechanical systems, lighting systems, building systems integration, building codes and standards, fire safety, professional attributes of architectural engineers, and issues of human performance requirements and sustainability at relates to building system design. Prerequisite: Sophomore classification or approval of instructor.",Inclusive,"3,4,7,11",,Spring 2026
Student High Impact Experiences in Meteorology Specifically: SEA-Met (Student Experiences Abroad in Meteorology) Barbados: Tropical and Island Meteorology,ATMO,ATMO,370,Undergraduate,"Describe the major meteorological processes affecting weather and climate in the Caribbean Region. • Compare and contrast these processes with those occurring in North America. • Describe the typical climate regimes in a tropical island location, and dependence on island relief. • Identify the major types of easterly waves by satellite and wind analyses. Describe the precipitation characteristics of each, and the underlying dynamical principles. • Compare and contrast operational meteorological structure, tools, and data of the Caribbean Region with those of the U.S National Weather Service. • Participate in group weather briefings. • Set up and operate emergency communications capable of receiving weather information without internet capability (e.g. Ham Radio, HF meteorological facsimile, and/or NAVTEX). (Optional) • Describe the processes which lead to air quality issues of the region. • Demonstrate social, cultural, and global competence: a.) Live and work effectively in a unique global society. b.) Articulate the value of a broad global perspective and cultural understanding. c.) Recognize unique opinions and practices and consider different points of view. • Prepare and deliver oral /and/or poster presentations on the experience to include both scientific and cultural content.",Inclusive,"3,11,13,17",,Spring 2026
Weather & Climate,ATMO,ATMO,201,Undergraduate,"Structure, energy, and motions of the atmosphere; climate; fronts and cyclones; atmospheric stability; clouds and precipitation; severe storms.",Inclusive,"3,11,13",,Spring 2026
Bioaerosols and Modeling,BAEN,BAEN,432,Undergraduate,"Overview of physical, mechanical, fluid dynamical, electrical, optical, and molecular aspects of bioaerosols; bioaerosol generation, sampling and deposition measurements including size distribution, morphology, chemical composition, bioaerosol samplers, sample analysis, dry and wet deposition, and biofilm resuspension; health effects of bioaerosols, antibiotic resistance, ambient sampling in industrial and agricultural fields.",Inclusive,"3,11",,Spring 2026
Biological and Agricultural Engineering Fundamentals I,BAEN,BAEN,301,Undergraduate,"Fundamental engineering concepts related to agricultural systems including the environment (soil, water, and air), plant and animal production systems and processing, and associated machines and facilities; application of techniques for data collection and analysis to problems in biological and agricultural engineering; design of experiments and communication of experimental results. Prerequisite: Grade of C or better in MEEN 221 or concurrent enrollment",Inclusive,"2,3,6,7,11,13,15",,Spring 2026
Seminar (Tree Health in a Changing Climate),BESC,BESC,481,Undergraduate,"This seminar is a capstone course required for BESC majors. The intent of the course is for students to work individually to analyze a single theme related to BESC. The theme will be introduced to the class, followed by students working individually to define and understand the complexities of a specific topic they select from a list provided by the instructor. Students will prepare slideshow/poster presentations and writings on their selected topic. The course will meet weekly for direction by the instructor, but it is expected that most of your research and preparation will take place outside of the classroom. In using this course format, the intended outcome is to allow the student to draw from a wide range of materials and current events to analyze and understand a discrete aspect within the broad area of bioenvironmental sciences.",Inclusive,"13,15",,Spring 2026
Seminar (Environmental Diagnostics—Living Electronics),BESC,BESC,481,Undergraduate,"This course explores modern technologies for detecting environmental contaminants, toxins, and pathogens. We will trace the evolution of diagnostics — from traditional physical and chemical methods to next-generation biotechnology platforms. Students will learn how tools from synthetic biology, soft materials, and device engineering are converging to create living electronic systems capable of rapid, multiplex environmental monitoring. Through case studies, discussions, and examples from current research and industry, students will gain insight into key environmental challenges, innovative detection strategies, and how emerging biotechnologies can strengthen environmental and agricultural health.",Inclusive,"3,6,9,15",,Spring 2026
Bioenvironmental Data Analysis,BESC,BESC,431,Undergraduate,"Data management, analysis and interpretation specifically for bioenvironmental research purposes; development of skills required to draw conclusions from data, specifically the types of data relevant to studying the interface of biological and environmental processes; exploration of the challenges of bioenvironmental data analysis; exposure to and development of skills in presentations that highlight the challenges of successfully communicating results and conclusions that necessarily rest on interpretation and assumptions. Prerequisite: BESC 201; STAT 201, STAT 302 or STAT 303.",Inclusive,"3,6,9,15",,Spring 2026
Sampling and Environmental Monitoring,BESC,BESC,403,Undergraduate,"Introduction to environmental sampling and methodology; strategies and analyses of sampling data; overview of current applications of sampling and monitoring in the environmental sciences; emphasis on practical aspects of sampling from air, soil and water; detection and quantification of microbial and chemical unknowns in environmental media. Prerequisite: Junior or senior classification or approval of instructor",Inclusive,"3,6,9,15",,Spring 2026
Sampling and Environmental Monitoring,BESC,BESC,402,Undergraduate,Metabolic pathways of microbes involved in the biodegradation of hazardous materials; ecological requirements for biotreatability of contaminated sites; emphasis on factors affecting microbial growth; strategies for in situ bioaugmentation. Prerequisite: CHEM 222 or CHEM 227.,Inclusive,"3,6,9,15",,Spring 2026
Molds and Mushrooms – The Impact of Fungi on Society and the Environment,BESC,BESC,204,Undergraduate,"Introduction to fungi and the impact these organisms have on society and the environment; includes life cycles of fungi; classification schemes, pathogens of plants, animals and humans; fungi in food production; toxic fungi and the law; and others.",Inclusive,"2,3,11",,Spring 2026
Bioethics,BICH,BICH,420,Undergraduate,"The application of ethical theory to the use of modern genetics and biochemistry stressing the social implications of genetic engineering, agricultural manipulation and biotechnology. Prerequisites: GENE 302 or GENE 303; BICH 409, BICH 410, or BICH 440. Cross-listed with GENE 420.",Inclusive,"2,3,9",,Spring 2026
Molecular Mechanisms of Cell Interactions,BICH,BICH,406,Undergraduate,"Current topics in biomolecules, natural product antibiotics and application in infectious diseases, modern and historical approaches to antibiotic discovery, biomedical glycobiology, glycosylation in diseases and pathobiology.",Inclusive,3,,Spring 2026
"Professionalism, Skill Development, Career Exploration, and Ethical Conduct in Biomedical Sciences",BIMS,BIMS,250,Undergraduate,"Exposure to skills and ethical procedures to assist in the professional practice of Biomedical Sciences. Exploration of business and professional concepts from an ethical foundation. Topics cover development of the individual; ethical integrity; interpersonal dynamics; effective communication skills. This course is designed to equip students with essential professional skills and ethical practices that greatly assist students in biomedical science. Beginning with an ethical foundation, this course explores foundational business concepts and communication. The course aims to develop a well-rounded understanding of professional conduct and interpersonal dynamics in the scientific field. Through a blend of theoretical knowledge and practical application, this course prepares students to navigate the complex and evolving landscape of biomedical science with professionalism, ethical integrity, and effective communication.",Inclusive,"3,4,11,12,13,14,16",,Spring 2026
Global One Health,BIMS,BIMS,110,Undergraduate,"To explore the concept of One Health; the health of humans, animals, and ecosystems are interconnected and interdependent; the conceptual framework that encompasses human and veterinary medical sciences, agricultural sciences, food safety, public health and epidemiology, environmental health and toxicology, wildlife ecology and conservation, and many related fields of study or research.",Inclusive,"3,4,11,12,13,14,16",,Spring 2026
Ethics in Biological Research,BIOL,BIOL,496,Undergraduate,"Fraud in science, how to recognize it, and how to avoid committing fraud; includes the basis of ethics and plagiarism, negotiation techniques and conflict management, the regulations and ethics covering animal and human experiments, record-keeping, data management and peer review. Prerequisite: BIOL 491, NRSC 491, BICH 491, GENE 491, BIMS 491, CHEM 491, BIOL 351, or BICH 410, or approval of instructor.",Inclusive,"2,3,9",,Spring 2026
Cellular Neuroscience,BIOL,BIOL/NRSC,428,Undergraduate,"Cell biology, molecular biology and biophysics of neurons as it pertains to their fundamental role in the physiological basis of behavior. The course provides students with a foundational understanding of how neurons create, maintain and exploit electrical signals for information coding and transmission. It also introduces principles of electrical and chemical signaling between neurons, and the role of intracellular signaling for signal modulation and synaptic plasticity. Throughout the course students are introduced to a broad range of state-of-the-art molecular tools currently used to study the nervous system, and will learn about the cellular basis for many of the most common neurological disorders affecting humans as well as the strategies and therapies for their treatment.",Inclusive,3,,Spring 2026
Cellular Neuroscience,NRSC,BIOL/NRSC,428,Undergraduate,"Cell biology, molecular biology and biophysics of neurons as it pertains to their fundamental role in the physiological basis of behavior. The course provides students with a foundational understanding of how neurons create, maintain and exploit electrical signals for information coding and transmission. It also introduces principles of electrical and chemical signaling between neurons, and the role of intracellular signaling for signal modulation and synaptic plasticity. Throughout the course students are introduced to a broad range of state-of-the-art molecular tools currently used to study the nervous system, and will learn about the cellular basis for many of the most common neurological disorders affecting humans as well as the strategies and therapies for their treatment.",Inclusive,3,,Spring 2026
Ecology,BIOL,BIOL,357,Undergraduate,"Analysis of ecosystems at organismal, population, interspecific and community levels.",Inclusive,"13,14,15",,Spring 2026
Biomedical Monitoring and Diagnostic Sensing Devices,BMEN,BMEN,489,Undergraduate,"Exploration of design, development, and implementation of biomedical diagnostic sensing and monitoring devices for point-of-care deployment in general and for underserved, remote, and under resourced environments; hand-held and wearable sensing and diagnostic modalities and testing platforms with user-focused device design and development.",Inclusive,"3,4,9,11,16",,Spring 2026
Cancer Bioengineering,BMEN,BMEN,464,Undergraduate,"Examines cancer from an engineering perspective focusing on cancer as a complex interaction of tumor cells, support cells, and immune cells; quantifying and engineering tumor microenvironments; engineering advances in cancer discovery and therapeutic interventions; emphasis on systems integration to address cancer challenges.",Inclusive,"3,4,16",,Spring 2026
Biomedical Engineering Design III,BMEN,BMEN,354,Undergraduate,"Analysis of validation and verification testing for biomedical engineering design, along with manufacturing readiness, market-entry readiness, and post-market engineering activities.",Inclusive,"3,12",,Spring 2026
"Democracy, Civic Engagement & Leadership",BUSH,BUSH,241,Undergraduate,"An exploration into democracy, civic engagement, and community leadership with an emphasis on engaging in public service as citizens.",Inclusive,"16,17",,Spring 2026
"Bush Undergraduate Success Hub – Civics, Leadership & Democracy",BUSH,BUSH,141,Undergraduate,"An exploration into democracy, civic engagement, and community leadership with an emphasis on engaging in public service as citizens.",Inclusive,"16,17",,Spring 2026
Strategic Philanthropy,BUSN,BUSN,432,Undergraduate,"Examination of historical trends in philanthropy; participation in grant making process through the lens of a private foundation; engagement with local and national philanthropic leaders; development of personal philanthropic ethic through a grant making simulation. that includes due diligence, writing grants and reaching collective decisions. Prerequisites: Junior or senior classification or approval of instructor",Inclusive,16,,Spring 2026
Chemical Process Industries,CHEN,CHEN,374,Undergraduate,"Overview of the major chemical process and related industries including key sectors, history, operating principles, and supply chains; focus on technical, market, sustainability, and safety aspects.",Inclusive,"11,12",,Spring 2026
The Engineering Profession,CLEN,CLEN,261,Undergraduate,"Introduction to interdisciplinary aspects of engineering careers; work engineers perform in their field; engineering practice within realistic constraints, e.g., economic, environmental, ethical, health and safety, and sustainability; engineering design process; effective communication in engineering settings. Must be taken on a satisfactory/unsatisfactory basis. Prerequisite: Enrollment in the college of engineering.",Inclusive,"9,11,12",,Spring 2026
Communication and Contemporary Issues: Transnational Media Flows,COMM,COMM,460,Undergraduate,"Explores the study of how communication practices construct, contest, circulate and/or suppress contemporary issues. Focus may draw on rhetorical, critical, interpretive and/or empirical approaches to message design, media representation, public discourse, and/or everyday interaction.  Emphasizes analytical reading and case analysis grounded in scholarship. Course focus varies by instructor and term.",Inclusive,"4,10,16",,Spring 2026
Rhetoric of Propaganda,COMM,COMM,438,Undergraduate,"Examines propaganda as a strategic form of communication used across political, commercial, and social contexts. Surveys historical and contemporary approaches to influencing mass audiences through language, imagery, narrative, and emotion. Analyzes how persuasive appeals operate in mass media, digital platforms, public relations, advertising, and/or institutional messaging. Considers distinctions between information, persuasion, and manipulation, with attention to credibility, transparency, and ethics. Content may include real-world messages that involve political conflict, sensitive beliefs, or provocative imagery, studied for purposes of critical evaluation.",Inclusive,"4,16",,Spring 2026
New Media and Civil Society,COMM,COMM,415,Undergraduate,"Examines how new media technologies shape civic participation, public discourse, and/or social change across different political systems. Focus on communication practices in democratic, authoritarian, and/or transitional societies. Considers how digital platforms enable organizing, surveillance, protest, and/or community formation. Emphasizes theory-driven analysis of how online communication intersects with power, governance, and collective life. Engagement with case studies from global and/or local contexts, including instances where media use is celebrated, contested, or restricted. Course content and discussions may draw from different cultural or political contexts, including situations of disagreement or unrest, examined for purposes of understanding communication dynamics.",Inclusive,"4,10,16",,Spring 2026
Strategic Communication Case Studies,COMM,COMM,321,Undergraduate,"Strategic communication practice; application of skills including communication research, media writing and advanced media writing, visual media and public speaking, service-learning as not-for-fee consultant to a community organization.",Inclusive,"9,10,16",,Spring 2026
Media Psychology,COMM,COMM/PBSI,316,Undergraduate,"Examine the role of media and its impact on human behavior, emotions and thoughts; topics include mass media, social media and how they influence individual and societal functioning across a range of important psychological topics; e.g., self-image, sexual behavior, mental health, violence. Cross-listed with COMM 316.",Inclusive,"3,4,10,16",,Spring 2026
Media Psychology,PBSI,COMM/PBSI,316,Undergraduate,"Examine the role of media and its impact on human behavior, emotions and thoughts; topics include mass media, social media and how they influence individual and societal functioning across a range of important psychological topics; e.g., self-image, sexual behavior, mental health, violence. Cross-listed with COMM 316.",Inclusive,"3,4,10,16",,Spring 2026
Communication Intervention,COMM,COMM,310,Undergraduate,"Communication interventions for personal, organizational, and institutional change; survey of major communication intervention theories in contexts such as voting, purchasing, joining, or adopting; individual-level, interpersonal level, and community-level models of change; application of social science-based models to guide communication intervention strategies effectively.",Inclusive,"4,10,16",,Spring 2026
"Special Topics in Communication, Religion, and the Arts",COMM,COMM/RELS,289,Undergraduate,"Explores the study of art and religion as forms of communication, with attention to how visual and artistic expression conveys meaning across cultures and traditions. Surveys artistic and media practices in religious and secular contexts, considering how aesthetics mediate religious experience and shape public understanding. Examines the role of art in supporting, questioning, and/or challenging religious and social perspectives. Focus on interpretation and critique, and dialogue of artifacts across diverse traditions, including attention to issues of pluralism, inequality, power, class, and/or representation. Includes engagement with perspectives that may be unfamiliar or challenging, reflecting the diversity of voices in contemporary public life.",Inclusive,"10,11,16,17",,Spring 2026
"Special Topics in Communication, Religion, and the Arts",RELS,COMM/RELS,289,Undergraduate,"Explores the study of art and religion as forms of communication, with attention to how visual and artistic expression conveys meaning across cultures and traditions. Surveys artistic and media practices in religious and secular contexts, considering how aesthetics mediate religious experience and shape public understanding. Examines the role of art in supporting, questioning, and/or challenging religious and social perspectives. Focus on interpretation and critique, and dialogue of artifacts across diverse traditions, including attention to issues of pluralism, inequality, power, class, and/or representation. Includes engagement with perspectives that may be unfamiliar or challenging, reflecting the diversity of voices in contemporary public life.",Inclusive,"10,11,16,17",,Spring 2026
Media Literacy in the Digital Age,COMM,COMM/JOUR,255,Undergraduate,"Explores mass media as a form of communication across cultural, political, and creative contexts. Examines how news media, podcasts, social media, video, television and advertising are used to inform, persuade, critique, and/or tell stories. Analyzes source, audience, message design, and the relationship between medium and purpose. Examines how information, misinformation, and disinformation spreads, developing skills and techniques for assessing credibility and verifying sources. Includes engagement with real-world issues and diverse perspectives may arise through topics connected to politics, culture, ethics, and/or lived experience.",Inclusive,"10,11,16,17",,Spring 2026
Media Literacy in the Digital Age,JOUR,COMM/JOUR,255,Undergraduate,"Explores mass media as a form of communication across cultural, political, and creative contexts. Examines how news media, podcasts, social media, video, television and advertising are used to inform, persuade, critique, and/or tell stories. Analyzes source, audience, message design, and the relationship between medium and purpose. Examines how information, misinformation, and disinformation spreads, developing skills and techniques for assessing credibility and verifying sources. Includes engagement with real-world issues and diverse perspectives may arise through topics connected to politics, culture, ethics, and/or lived experience.",Inclusive,"10,11,16,17",,Spring 2026
Construction Discourse Leadership,COSC,COSC,322,Undergraduate,"Practicum on leadership skills; leading and managing difficult discussions in a professional setting; mentorship of new students; presentation of difficult discussion topics, demonstrate constructive critique methods. Students enrolled in COSC 322 will attend Monday night lectures (ILCB 112) or as a breakout with the COSC 222 course (ILCB 113) to observe large lectures in preparation for small group discussion. Working with guidance from the small group instructor, students will create discussion plans, practice providing constructive feedback on written and oral communications, demonstrate accountability, and lead discussions in small group settings. Specific topics will cover individual and collective ideas about how values and beliefs are expressed in the construction environment. Discussions will focus on how the field of construction internalizes and thinks about values across cultures and how authority, majorities and privilege affect the built environment. This is an advanced leadership opportunity to emphasize civil discourse to help lower-level students recognize their own positionality and work collaboratively in a multicultural society. (3-0). Credit 3",Inclusive,"8,10,11,16",,Spring 2026
Cultural & Social Issues in the Construction Environment,COSC,COSC,222,Undergraduate,"Introduction to cultural and social issues in the built environment; exploration of how individual and collective ideas, values and beliefs are expressed in the construction environment; how the field of construction internalizes and thinks about these values across cultures and how authority, majorities and privilege affect the creativity of the built environment; emphasizes civil discourse to help recognize positionality and work collaboratively in a multicultural society.",Inclusive,"10,11,16",,Spring 2026
Culinary Health,CULN,CULN,305,Undergraduate,"Integration of nutrition science principles, dietary recommendations, and food and cooking skills to facilitate healthy eating behaviors for health promotion; application to recipe development and modification to meet specific dietary needs and sensory acceptability. Prerequisites: NUTR 301; enrollment in culinary health certificate program; junior or senior classification.",Inclusive,"3,10",,Spring 2026
Natural Environmental Systems,CVEN,CVEN/EVEN,413,Undergraduate,Water quality assessment of natural environmental systems; development and calibration of models to describe fate and transport of contaminants in aquatic systems; application of models to design of water quality control facilities. Prerequisite: Grade of C or better in EVEN 301 or CVEN 301. Cross-listed with CVEN 413.,Inclusive,"6,14,15",,Spring 2026
Natural Environmental Systems,EVEN,CVEN/EVEN,413,Undergraduate,Water quality assessment of natural environmental systems; development and calibration of models to describe fate and transport of contaminants in aquatic systems; application of models to design of water quality control facilities. Prerequisite: Grade of C or better in EVEN 301 or CVEN 301. Cross-listed with CVEN 413.,Inclusive,"6,14,15",,Spring 2026
Water Resources Engineering Study Abroad,CVEN,CVEN/EVEN,339,Undergraduate,"This course is a gateway to solving complex civil engineering challenges involving sustainable flood risk management, water supply, and groundwater. This course builds on fluid mechanics with new theory and applications on hydrology, open channel hydraulics, and pressure conduits. The program will consist of approximately two (2) weeks in The Netherlands! The course format will involve two (2) virtual zoom lectures prior to departure, followed by traditional face-to-face classroom instruction in Amsterdam and Rotterdam, four (4) technical tours, and two (2) cultural excursions. Participants will earn three (3) credits. The Netherlands is considered the Silicon Valley of water resources engineering and sustainable floodplain management. Thus, this course will offer a unique and immersive learning experience unlike any other.",Inclusive,"6,11",,Spring 2026
Water Resources Engineering Study Abroad,EVEN,CVEN/EVEN,339,Undergraduate,"This course is a gateway to solving complex civil engineering challenges involving sustainable flood risk management, water supply, and groundwater. This course builds on fluid mechanics with new theory and applications on hydrology, open channel hydraulics, and pressure conduits. The program will consist of approximately two (2) weeks in The Netherlands! The course format will involve two (2) virtual zoom lectures prior to departure, followed by traditional face-to-face classroom instruction in Amsterdam and Rotterdam, four (4) technical tours, and two (2) cultural excursions. Participants will earn three (3) credits. The Netherlands is considered the Silicon Valley of water resources engineering and sustainable floodplain management. Thus, this course will offer a unique and immersive learning experience unlike any other.",Inclusive,"6,11",,Spring 2026
Water Resources Engineering Study Abroad,CVEN,CVEN/EVEN,339,Undergraduate,"Quantitative hydrology, precipitation, hydrograph analysis, reservoir and stream routing; groundwater, Darcy equation, well equation, well design; probability concepts in design; water law; dams; reservoirs; spillways; open channel and pipe network hydraulics; pumps; urban stormwater drainage; flood damage mitigation.",Inclusive,"6,11",,Spring 2026
Water Resources Engineering Study Abroad,EVEN,CVEN/EVEN,339,Undergraduate,"Quantitative hydrology, precipitation, hydrograph analysis, reservoir and stream routing; groundwater, Darcy equation, well equation, well design; probability concepts in design; water law; dams; reservoirs; spillways; open channel and pipe network hydraulics; pumps; urban stormwater drainage; flood damage mitigation.",Inclusive,"6,11",,Spring 2026
Capstone Senior Design,DAEN,DAEN,460,Undergraduate,"Second course in a two-course sequence for the capstone senior design experience; continuation of work on the senior design project in teams; data collection, analysis, application of data engineering methods and tools and development of recommendations considering design constraints, evaluation of alternative design, and application of relevant standards; engagement in oral presentations and creation of the project report, with relevant feedback provided during the semester. Prerequisite: Grade of C or better in DAEN 459",Inclusive,9,,Spring 2026
Dance Teams in Secondary Education,DCED,DCED,410,Undergraduate,"Develop the skills necessary to direct a dance team in secondary education; budgeting, scheduling, and interpersonal relationships; examine the different seasons and their unique needs: football, contest, spring show, summer camps; define injury protocols and discuss return to dance procedures; examine work/life balance; create a professional portfolio specific to directing dance.",Inclusive,3,,Spring 2026
Movement Analysis,DCED,DCED,403,Undergraduate,"Using scientific methods to evaluate the dancer's body; implementation of dance screening process and creation of programs to address specific dance related injuries, imbalances or misalignments; study of current research in dance medicine/science and application of this knowledge to increase longevity of movement.",Inclusive,3,,Spring 2026
Contact Improvisation,DCED,DCED,242,Undergraduate,"Introduction to and exploration of the principles of improvisational partnering including touch, trust, weight sharing, and non-verbal communication; experiment with non-codified/free movement in collaboration with peers including concepts of listening, responding, leading, following, pushing, and pulling; understanding principles of safe alignment and lifting; learning about the history of contact improvisation from creation to present day and understanding the social/cultural influences which shape the form.",Inclusive,"3,10,16,17",,Spring 2026
Dance Appreciation,DCED,DCED,202,Undergraduate,"Dance Appreciation introduces dance including its cultural, social, and artistic aspects. Special emphasis is given to the appreciation and understanding of the role dance plays in various societies and how society influences the development of dance as an art form. This course will explore various artistic dance genres, the cultural influence of dance, and then turn to contemporary culture and current issues in dance.",Inclusive,"3,10,16,17",,Spring 2026
Dance History,DCED,DCED,201,Undergraduate,"Overview of ballet and modern dance from the 19th century to the current day with a focus on Europe and the United States. Examines historical events and societal shifts and considers corollaries that may have influenced the evolution of dance; draws parallels to shifts in music and art throughout history. Discussion of impactful choreographers, dancers, musicians, artists, and producers and how their personal philosophies and heritage influenced dance. Course fulfills the required core curriculum components for Language, Philosophy, and Culture (KLPC) and Cultural Discourse (CD) as determined by the university.",Inclusive,"3,10,16,17",,Spring 2026
Wildlife Forensic Science: Methods and Applications,ECCB,ECCB,489,Undergraduate,"Introduction to the interdisciplinary field of wildlife forensic science; application of scientific techniques to the investigation of wildlife crimes including poaching, trafficking, and habitat destruction; emphasis on forensic methods such as species identification, DNA analysis, and trace evidence collection; exploration of legal and regulatory frameworks; practical applications of forensic science in conservation and biodiversity protection",Inclusive,"14,15",,Spring 2026
Study Abroad in Natural Resources,ECCB,ECCB,452,Undergraduate,"Focus on an individual student effort assessing the ecological and human dimensions of biodiversity conservation and nature tourism; exposure to the ecological aspects of managing natural resources, especially wildlife populations and their habitat, as well as the economic, social, and cultural factors affecting biodiversity conservation and nature tourism in a developing country. May be taken two times for credit. Prerequisite: Junior or senior classification or approval of instructor. Cross-listed with RWFM 400.",Inclusive,"14,15,16,17",,Spring 2026
Prescribed Fire,ECCB,ECCB,417,Undergraduate,"Use of prescribed fire to achieve ecosystem management objectives; understanding of how to plan and implement prescribed fires; coursework on fire behavior, fuel properties and the social aspects of prescribed fire and wildfire; how to safely use fire to achieve multiple outcomes including biodiversity conservation, reduced hazardous fire risk, livestock production and timber management",Inclusive,"3,4,14,15,16",,Spring 2026
Forest Resource Assessment and Management,ECCB,ECCB,405,Undergraduate,"Integration of biophysical, economic and social factors in forest resource analysis, management planning and decision making; applications of interdisciplinary knowledge and multiple-use principles to practical forest management problems.",Inclusive,"8,11,14,15,17",,Spring 2026
Geographic Information Systems (GIS) for Resource Management,ECCB,ECCB/RWFM,351,Undergraduate,"Geographic Information Systems (GIS) approach to solving spatial problems and managing natural resources, including the acquisition, management, manipulation, analysis, and mapping of spatial and non-spatial databases; identification of natural and relevant features from various data sources; integration of relevant technologies and data; extensive use of GIS software to solve real-world problems.",Inclusive,"13,14,15",,Spring 2026
Geographic Information Systems (GIS) for Resource Management,RWFM,ECCB/RWFM,351,Undergraduate,"Geographic Information Systems (GIS) approach to solving spatial problems and managing natural resources, including the acquisition, management, manipulation, analysis, and mapping of spatial and non-spatial databases; identification of natural and relevant features from various data sources; integration of relevant technologies and data; extensive use of GIS software to solve real-world problems.",Inclusive,"13,14,15",,Spring 2026
Forest Ecology,ECCB,ECCB,309,Undergraduate,Life history and general characteristics of trees; structure and function of forest ecosystems; fundamental principles of forest tree physiology and ecology applied to an analysis of tree growth in relation to environmental factors and present day forest management; global changes and forests. Prerequisites: Junior or senior classification or approval of instructor; introductory courses in ecology and chemistry recommended.,Inclusive,"13,15",,Spring 2026
Fire Ecology and Biogeochemistry,ECCB,ECCB,303,Undergraduate,"Cycling of the elements like carbon, nitrogen and phosphorus, and their influence on ecosystem functions and the climate system; human impacts on biogeochemistry; global changes that threaten the sustainability of ecosystem services; wildland fire science and fire ecology showing the interrelated nature of the climate system, vegetation and human activities; classic and current scientific literature. Prerequisites: Grade of a C or better in ECCB 205, BIOL 111, or BIOL 112; junior or senior classification or instructor approval.",Inclusive,"13,15",,Spring 2026
Diversity and Evolution of Vertebrates,ECCB,ECCB,302,Undergraduate,"Life histories of fishes, amphibians, reptiles, birds and mammals; lecture covers vertebrate groups on a worldwide scale and emphasizes a comparative approach to the study of adaptation to the environment; lecture topics include behavior, reproduction, feeding specializations, evolutionary history, locomotion, hibernation, migration, endangered species, zoogeography and importance to man; laboratory emphasizes the recognition of Texas vertebrates. Designed for both science and non-science majors.",Inclusive,"14,15",,Spring 2026
Diversity and Evolution of Plants,ECCB,ECCB,301,Undergraduate,Interpretation of plant morphology for keying and identification of important flowering rangeland plants; vegetative and floral characters for important plant families including toxic compounds affecting domestic livestock. Plant collection required.,Inclusive,15,,Spring 2026
Secondary Education in Ecology and Conservation Biology,ECCB,ECCB,105,Undergraduate,"Introduction to a career as a secondary science teacher and classroom activities in the areas of ecology and conservation biology; presentation of education and certification requirements, exploration of the structure of schools and districts, classroom and professional expectations; overview of departmental and campus resources that will assist with collegiate and career goals.",Inclusive,"4,13,14,15",,Spring 2026
"Harnessing Solar Energy: Optics, Photovoltaics and Thermal Systems",ECEN,ECEN,467,Undergraduate,"Solar radiation characteristics and measurement; Optical coatings including reflection, transmission, absorption and emissivity; Concentrating optics, tracking and etendue limit; Photovoltaic cells, modules and systems overview. Introduction to solar thermal systems.",Inclusive,"7,9",,Spring 2026
Electric Energy Conversion,ECEN,ECEN,340,Undergraduate,"The course introduces students to fundamental topics in power and energy systems, including three phase circuits, transformers, and electromechanical system, and prepares them for advanced courses in the area. This contains basic concepts in the conversion of electric energy, either between different types of electric energy, or between electricity and other forms of energy.",Inclusive,"7,9",,Spring 2026
Data Science for Future Decision Makers,ECON,ECON,471,Undergraduate,"Integration of fundamental economic concepts, such as the study of how economic incentives impact decision making, with skills and tools from data science that are necessary to work with the vast amounts of data that economic agents generate daily",Inclusive,"9,16",,Spring 2026
Personnel Economics,ECON,ECON,419,Undergraduate,"Personnel Economics. Exploration of the economics of the workplace using the insights of economic models and behavioral economics; focus on incentives and information, motivation of workers through incentive pay, promotion tournaments and threats, design of the hiring process to recruit a talented and diverse workforce, attraction and retention of employees, downsizing.",Inclusive,"8,10",,Spring 2026
(GLOBAL) ECONOMIC DEVELOPMENT,ECON,ECON,330,Undergraduate,"This course surveys the economics of development. We will study developing countries which constitute most of the world and share some commonalities. We identify the problems that developing countries face and focus on the policies that governments pursue. Since the nature of economic development is complex and broad, we cannot address all issues, and focus selectively on some issues. The course style follows lectures with discussions and plenty of applications to the real world.",Inclusive,"8,16",,Spring 2026
Economics of Education,ECON,ECON,328,Undergraduate,"Application of economic analysis to education policy; theoretical basis for private and public investment 
in education; returns to education; the importance of school resources, school financing, school choice, 
and accountability.",Inclusive,"4,8,16",,Spring 2026
Early Childhood and Adolescent Curriculum and Lesson Design,EDCI,EDCI,354,Undergraduate,Examination of curriculum models used in educational environments designed for young children through adolescents and the organization of the curriculum; investigation of state-adopted curriculum knowledge and skills standards and materials as well as their use and expansion. Prerequisites: EDCI 353; TEFB 371 or concurrent enrollment,Inclusive,4,,Spring 2026
Early Childhood and Adolescent Curriculum and Lesson Design,EDCI,EDCI,353,Undergraduate,Early childhood through adolescent approaches and instructional materials appropriate for EC through middle school programs; impact of research and theory on child development from gestation to early adolescence on instructional practices. Prerequisites: Junior or senior classification,Inclusive,4,,Spring 2026
Conflict Management and Dialogue,EHRD,EHRD,413,Undergraduate,"In this course the many ways that individuals think about, and practice conflict management and effective dialogue will be explored. Students will have a chance to learn more about their own negotiating preferences and its impact on self, the workplace, and their careers. Additionally, an aim of this course is to assist learners in the identification and learning of the importance of effective conflict management in the workplace and to develop skills to effectively engage in meaningful conflict using effective modalities for the situation presented. The course requires both intensive involvement in negotiation and mediation simulations/exercises and thoughtful application of theory through class discussion and written analysis. Class materials will reflect a variety of contexts from the workplace, including interpersonal, global, and cross-cultural interactions",Inclusive,17,,Spring 2026
Foundations in Human Resource Development,EHRD,EHRD,203,Undergraduate,"By the end of the course, students should be able to: • Describe the field of HRD (to include its primary functions) and provide a historical perspective of its development. Explain the roles and contexts of an HRD professional and discuss challenges faced by the field. • Analyze models and theories of employee behavior and motivation and their application in the workplace and discuss how knowledge, skill, ability, and attitude influence employee behavior. • Explain the role of learning styles and learning strategies in relation to maximizing learning effectiveness. • Identify the basic theories and concepts of organizational development. • Describe how organizational culture is being affected by diversity, and in particular having a greater number of women and minorities in the workplace. • Design, implement, and evaluate HRD programs.",Inclusive,"5,8,10",,Spring 2026
Design Process,ENDS,ENDS,101,Undergraduate,"Fundamental design processes, issues and theories relevant to design resolution and the creation of new ideas; creative thought processes from the formation of ideas through incubation to final product and future impact on the physical environment and society.",Inclusive,9,,Spring 2026
Studies in Genre: Victorian Fantasy,ENGL,ENGL,390,Undergraduate,"During the nineteenth century, and especially during the latter half of the century, fantasy became, in Stephen Prickett’s words, “respectable—for antiquarians, for poets, even for children” (Victorian Fantasy 5), and a genre was born. Many of the classic works of modern fantasy were written during this time, and many of them have become part of our mythology. This course will explore fantasy created during the Victorian period. We will examine fantasy in the form of fairy tales, ghost stories, novels, and poetry. In addition, we will learn about the Victorian period in general. We will consider such things as the historical context, cultural and social values, gender issues, religious issues, etc. Finally, we will consider Victorian theoretical concepts of fantasy",Inclusive,"5,10",,Spring 2026
Native American Rhetorics and Literatures,ENGL,ENGL,357,Undergraduate,"Examination of Native American rhetorics and literatures with a focus on the relationship between composed, performed, and material rhetorics; covering Native American rhetors and writers from pre-colonization to the present and contextualizing them within contemporary Native issues. Prerequisite: Junior or senior classification or approval of instructor.",Inclusive,10,,Spring 2026
American Ethnic Literature,ENGL,ENGL,338,Undergraduate,"As explorers of the complexities of human nature and human society, the authors whose works we will read tackle issues that are viewed in different and sometimes opposing ways in different parts of the country and in different communities. They write about people and situations one may encounter or hear about in any large American city—or indeed, in many rural areas—whether in workplaces, on campuses, in church, or in neighborhoods.. The people the authors write about have a wide range of beliefs, ways of speaking, sexualities, gender identities, and traditions.",Inclusive,10,,Spring 2026
"Early American Literature, Beginnings to Civil War",ENGL,ENGL,227,Undergraduate,"From Spanish colonial encounter narratives, to slave narratives and Lenape oral histories, this course is fundamentally concerned with the way that “America” is a product of cultural encounter. In particular, this course addresses the following skills required for Core Curriculum education: 1. Critical Thinking: creative thinking, innovation, inquiry, and analysis, evaluation and synthesis of information. Students will read a wide variety of authors and perspectives that will challenge them to think critically about what it means to be “American” or write “American literature.” 2. Communication: effective development, interpretation and expression of ideas through written, oral and visual communication. Through in class contributions and a multi-stage essay writing process, students will take their critical observations and fashion them into a structured argument. 3. Social Responsibility: intercultural competence, knowledge of civic responsibility, and the ability to engage effectively in regional, national, and global communities. The ing we call “America” was forged through the clash, conflict and cooperation of different people, ideas and belief systems. Understanding that national culture or national identity is not monolithic, but contested and variable, helps students navigate a globalized world where their perspectives and beliefs are just one of many. 4. Personal Responsibility: ability to connect choices, actions and consequences to ethical decision-making. Class discussions on sensitive topics and historical periods encourage students to understand their own actions and life choices within a wider historical and ethical framework.",Inclusive,"10,11",,Spring 2026
Introduction to Africana Literature,ENGL,ENGL/AFST,205,Undergraduate,"This course introduces students to literary works, literary movements and genres of authors of African descent in the Americas, Europe and Africa. This approach allows students to understand and explore the foundational relationship to and connections with Africa and its diaspora populations. The course will provide students with a view of social, political, and historical issues and concerns that have traditionally influenced Black writers and Black writing. We will use a variety of resources both historical and contemporary texts, visual and social media, and music. Over the course of the semester, we will explore many questions that include: What is the African Diaspora? What roles do class, culture, gender, and religion play in Africana literature and culture? How do the arts help us investigate, analyze, conceptualize, represent, and understand the Africana experience?",Inclusive,"10,17",,Spring 2026
Introduction to Africana Literature,AFST,ENGL/AFST,205,Undergraduate,"This course introduces students to literary works, literary movements and genres of authors of African descent in the Americas, Europe and Africa. This approach allows students to understand and explore the foundational relationship to and connections with Africa and its diaspora populations. The course will provide students with a view of social, political, and historical issues and concerns that have traditionally influenced Black writers and Black writing. We will use a variety of resources both historical and contemporary texts, visual and social media, and music. Over the course of the semester, we will explore many questions that include: What is the African Diaspora? What roles do class, culture, gender, and religion play in Africana literature and culture? How do the arts help us investigate, analyze, conceptualize, represent, and understand the Africana experience?",Inclusive,"10,17",,Spring 2026
LIT WORLD WAR II TO PRESENT,ENGL,ENGL,202,Undergraduate,"Having completed this course successfully students will be able to: • Articulate key ideas in environmental literature • Apply literary methods and concepts to the analysis or criticism of texts • Articulate personal experiences of the environment, drawing on ecocritical concepts • Situate environmental concerns within larger historic and theoretical contexts",Inclusive,"13,14,15,16",,Spring 2026
Engineering Lab I - Computation,ENGR,ENGR,102,Undergraduate,"Introduction to the design and development of computer applications for engineers; computation to enhance problem solving abilities; basic concepts of software design through the implementation and debugging of student-written programs; introduction to engineering majors, career exploration, engineering practice within realistic constraints, e.g. economic, environmental, ethical, health and safety, and sustainability; pathways to success in engineering. Prerequisite: Grade of C or better in MATH 151 or MATH 150, or concurrent enrollment; admission to the college of engineering",Inclusive,9,,Spring 2026
Insects in Human Society,ENTO,ENTO,322,Undergraduate,"Emphasis on the role insects have played in the development of human cultures; aspects include health, food production and storage, art, music and architecture; overview of historic, present day, and future roles insects will have on environmental movements (green societies), and in underdeveloped, developing and developed societies.",Inclusive,"2,4,11",,Spring 2026
RUSSIAN Artistic Culture II,EURO,EURO,447,Undergraduate,"Masterpieces of Russian art, including architecture, dance, theater, music, film, and literature, from ca. 1890 to the present; taught in English",Inclusive,"10,17",,Spring 2026
Hydraulic Engineering of Water Distribution Systems,EVEN,EVEN/CVEN,458,Undergraduate,"Pressure conduit hydraulics; design, modeling, and analysis of water conveyance and distribution systems including pipelines, pipe networks, and pumps.",Inclusive,6,,Spring 2026
Hydraulic Engineering of Water Distribution Systems,CVEN,EVEN/CVEN,458,Undergraduate,"Pressure conduit hydraulics; design, modeling, and analysis of water conveyance and distribution systems including pipelines, pipe networks, and pumps.",Inclusive,6,,Spring 2026
History of Film,FILM,FILM,299,Undergraduate,"By the end of this course, students should be able to: • Observe and describe various genres of films (fiction, documentary, animation, etc.) from around the world • Argue about films and other types of moving images with a command of the rhetorical strategies, terms, and major interpretative methods characteristic of academic writing in the humanities • Reflect upon various aspects of 1) global film history, including movements, styles, production modes, representation, and labor practices, and 2) film historiography, including archival absences and gender and other biases • Respond to and reflect upon film criticism, film theory, and film history • Construct and defend arguments, through the use of both primary and secondary sources, about cinematic works in specific historical, national, and cultural contexts",Inclusive,"5,10",,Spring 2026
Special Topics: New Film History,FILM,FILM,290,Undergraduate,"This course provides a survey of the global history of cinema from its emergence in the mid-1890s to the rise of digital filmmaking in the 1990s and 2000s. Through close visual analysis and critical reading, we will examine the cinema as a set of aesthetic, social, technological, national, cultural, and industrial practices, with special emphasis on the historical development of major periods around the world, movements and styles, national cinemas, gender and racial representation, and labor practices. We will also pursue questions related to the historiography of cinema, including archival research, biases against the contributions of women and other traditionally marginalized groups, and inclusive strategies for the writing of film history. Films discussed will include works by Charles Burnett, Julie Dash, Jean-Luc Godard, Alice Guy Blaché, Akira Kurosawa, Oscar Micheaux, Satyajit Ray, Kinuyo Tanaka, Agnès Varda, and Lois Weber.",Inclusive,"5,8,10",,Spring 2026
Global Cinema,FILM,FILM/GLST,215,Undergraduate,"History and theory of global cinema; historical, socio-political, national and international contexts of film production and reception; transnational film; FILM-215 also taught at Galveston campus. Cross-listed with GLST 215.",Inclusive,10,,Spring 2026
Global Cinema,GLST,FILM/GLST,215,Undergraduate,"History and theory of global cinema; historical, socio-political, national and international contexts of film production and reception; transnational film; FILM-215 also taught at Galveston campus. Cross-listed with GLST 215.",Inclusive,10,,Spring 2026
Introduction to Visual Studies,FILM,FILM/VIST,101,Undergraduate,"Survey of topics in the interdisciplinary field of visual studies, including forms of art, media, and architecture, and visual culture in global and intercultural contexts; application of visual studies methods and techniques to art, media, and architecture; analysis of the visual in contemporary culture; in-class visual studies exercises and discussions.",Inclusive,10,,Spring 2026
Introduction to Visual Studies,VIST,FILM/VIST,101,Undergraduate,"Survey of topics in the interdisciplinary field of visual studies, including forms of art, media, and architecture, and visual culture in global and intercultural contexts; application of visual studies methods and techniques to art, media, and architecture; analysis of the visual in contemporary culture; in-class visual studies exercises and discussions.",Inclusive,10,,Spring 2026
MacroFinance,FINC,FINC,440,Undergraduate,Recent developments in the nature and causes of financial crises; the role of money; financial liquidity; financial leverage; financial stability regulation; unconventional monetary policy and macroprudential policy.,Inclusive,8,,Spring 2026
The Science of Forensic Entomology,FIVS,FIVS/ENTO,431,Undergraduate,"Explores the science, methodology and technology employed to gather, preserve and present information about insects and other arthropods in such a manner that this information can be used in courts of law as evidence and testimony to help resolve issues of a criminal or civil nature.",Inclusive,16,,Spring 2026
The Science of Forensic Entomology,ENTO,FIVS/ENTO,431,Undergraduate,"Explores the science, methodology and technology employed to gather, preserve and present information about insects and other arthropods in such a manner that this information can be used in courts of law as evidence and testimony to help resolve issues of a criminal or civil nature.",Inclusive,16,,Spring 2026
Controlled Substances,FIVS,FIVS/ENTO,420,Undergraduate,"Classification of effects of controlled substances in impaired individuals, sampling procedures and presumptive testing; history of the controlled substances act of 1970, federal drug scheduling, penalty groups in Texas, legislative complexity and challenges with new psychoactive substances, physiological, sociological, legal and societal aspects of controlled substance abuse.",Inclusive,"3,11,16",,Spring 2026
Controlled Substances,ENTO,FIVS/ENTO,420,Undergraduate,"Classification of effects of controlled substances in impaired individuals, sampling procedures and presumptive testing; history of the controlled substances act of 1970, federal drug scheduling, penalty groups in Texas, legislative complexity and challenges with new psychoactive substances, physiological, sociological, legal and societal aspects of controlled substance abuse.",Inclusive,"3,11,16",,Spring 2026
Fundamentals of Food Law,FSTC,FSTC,444,Undergraduate,"History, development of, and fundamental principles behind current food regulations, including food labeling, adulteration, food safety, food additives, dietary supplements, and import and export laws; overview of government agency jurisdiction, international law and ethics.",Inclusive,"3,16",,Spring 2026
Innovative Functional Food Ingredients,FSTC,FSTC,430,Undergraduate,"Exploration of the impact of functional food ingredients on human health and the microbiome, processing, quality control, and regulatory compliance under FDA and FTC guidelines.",Inclusive,"3,16",,Spring 2026
Food Safety and Preventive Controls for Human Food,FSTC,FSTC,324,Undergraduate,"Microbiological food spoilage, fermentation and safety; U.S. Food and Drug Administration (FDA) recognized curriculum for “preventive controls qualified individual” within the FDA Hazard Analysis and Risk‐based Preventive Controls for Human Food regulation.",Inclusive,"3,16",,Spring 2026
Introduction to Coffee Science,FSTC,FSTC,289,Undergraduate,"Introduction to the modern coffee industry; exploration of Texas A&M’s legacy of international coffee development, research, and education, and its contribution to global partnerships; overview of the impact of Texas A&M students and alumni across the global coffee industry; analysis of career pathways and case studies across the coffee value chain; examination of professional consumer review methods and sensory language used to communicate coffee quality; survey of current industry trends, trade dynamics, and global challenges; overview of the role of international organizations in influencing global policy, trade, and sustainability.",Inclusive,"12,16",,Spring 2026
Coastal Processes,GEOG,GEOG,370,Undergraduate,"Introduction to the coastal system, waves and wave dominated coasts, shoreline morphodynamics, tidal and lake coasts, long term coastal development, sea level changes, subtidal and beach ecosystems, coastal dunes and wetlands, structures and organizations, coastal management and coastal hazards. Cross-listed with MARS 370.",Inclusive,"14,15",,Spring 2026
Global Climatic Regions,GEOG,GEOG,324,Undergraduate,"Climatological processes and their consequences for spatial distributions of climates; survey of earth's climates; relationships among climate, landforms, vegetation, soils and humans. Prerequisite: GEOG 203 or ATMO 201",Inclusive,13,,Spring 2026
Economic Geography,GEOG,GEOG,304,Undergraduate,"What is it? Where is it? Why is it located there? So what? Geography is much more than a collection of facts about capital cities and mountain ranges; the essence of geography is to study why locations and features matter. Geography is the study of spatial organization of human activity, and of people’s relationships with their environment – whether in an urban or a rural setting. How have human activities and social/cultural characteristics in a place been shaped by the landscape? And in turn, how has the landscape been shaped by human activities? This course will introduce you to a variety of concepts and methods that geographers use to analyze spatial patterns and processes. The course is organized regionally, but this does not preclude broader thematic discussions. I hope that this will be an interactive course – and that we can draw on our classmates’ “regions of expertise” to learn from each other. I encourage sharing of any type (articles, literature, music, food…) that will help us “experience” and understand each region.",Inclusive,"8,11",,Spring 2026
Planet Earth,GEOG,GEOG,203,Undergraduate,"Earth’s physical environment including climate, water, landforms, and ecosystems; processes that control these systems and their global distributions; human effects on these processes.",Inclusive,"11,13,17",,Spring 2026
Mineral Resources,GEOL,GEOL,301,Undergraduate,"Origin, geologic relations and geographic distribution of mineral and energy resources; mineral economics, mining and reclamation and global economics in the resource industry; identification and classification of economic minerals including energy resources, base and precious metals, chemical industrial minerals and gemstones.",Inclusive,"12,14,15",,Spring 2026
Physical Geology,GEOL,GEOL,104,Undergraduate,"Earth materials, structures, external and internal characteristics; physical processes at work upon or within the planet.",Inclusive,13,,Spring 2026
Languages of the World,GLST,GLST,210,Undergraduate,"Exploration of the fundamentals of language, including structures, lexicon, writing systems; examination of protolanguages, languages families, and dialects; investigation of language contact, diversification, shift, attrition, and death, with a focus on revitalization of minority languages and linguistic rights.",Inclusive,"10,17",,Spring 2026
Introduction to Global Studies,GLST,GLST,201,Undergraduate,"Concepts, theories, and frameworks for a humanities-based approach to understanding global issues; focus on human cultures; emphasis on critical thinking and cultural literacy.",Inclusive,"10,17",,Spring 2026
Survey of World History for Elementary Education Certification,HIST,HIST,471,Undergraduate,"World history for future social studies instructors; politics, economics, religion, and culture in global context; instructional methods and pedagogical philosophy for prospective elementary-level educators.",Inclusive,4,,Spring 2026
AMERICAN LAW SINCE 1865,HIST,HIST,448,Undergraduate,"Analysis of themes in American legal and constitutional history since 1865; examination of social, cultural, and political context surrounding major Supreme Court decisions; social impact of laws and Supreme Court decisions; investigation of legal activities such as moot court and amicus curiae briefs.",Inclusive,16,,Spring 2026
The Mongols in World History,HIST,HIST,380,Undergraduate,"Examination of the origins, development, and legacies of the largest contiguous empire in history; exploration of the environmental context, notable rulers, Mongol warfare, imperial governance and administration, interactions between the Mongols and rival nomadic groups, trade, gender and the role of women, religious and ideological policies, and long-term impacts.",Inclusive,5,,Spring 2026
Chinese Cultural History,HIST,HIST/ASIA,358,Undergraduate,"Examination of Chinese culture and its evolution over the last 4,000 years; customs, art, literature, festivals, folklore, religion, architecture, medicine, and everyday life.",Inclusive,"10,17",,Spring 2026
Chinese Cultural History,ASIA,HIST/ASIA,358,Undergraduate,"Examination of Chinese culture and its evolution over the last 4,000 years; customs, art, literature, festivals, folklore, religion, architecture, medicine, and everyday life.",Inclusive,"10,17",,Spring 2026
Chinese Cultural History,HIST,HIST/ASIA,352,Undergraduate,Impact of the West on traditional China and Japan; the response through modernization; rise of nationalism and formation of modern nation states.,Inclusive,"10,16,17",,Spring 2026
Chinese Cultural History,ASIA,HIST/ASIA,352,Undergraduate,Impact of the West on traditional China and Japan; the response through modernization; rise of nationalism and formation of modern nation states.,Inclusive,"10,16,17",,Spring 2026
Latin America Since 1810,HIST,HIST,342,Undergraduate,"Political history of independent South American countries since independence with emphasis on ABC countries;*economic, social, and cultural development; foreign relations.",Inclusive,"10,16,17",,Spring 2026
Caribbean History,HIST,HIST,326,Undergraduate,History of the Caribbean region from human settlement to the present; Indigenous peoples; European colonization; colonial societies; challenges to the imperial plantation model; emancipation; independence and decolonization.,Inclusive,"10,16,17",,Spring 2026
Chicana/o History since 1848,HIST,HIST,305,Undergraduate,"Social, economic and political evolution of Chicanas/os from 1848 to present; includes current issues, legacies of violence, land tenure systems, racial discrimination, changing class relations, gender, civil rights, immigration, identity, and culture. Prerequisite: Junior or senior classification.",Inclusive,"10,16,17",,Spring 2026
Blacks in the US Since 1877,HIST,HIST,301,Undergraduate,"Blacks in the United States from the end of Reconstruction to the present; ideologies of black leaders, disfranchisement, lynching and the quest for equality in the 1950s and 1960s.",Inclusive,"10,16,17",,Spring 2026
American Indian History,HIST,HIST,258,Undergraduate,"Survey of American Indian history; Pre-Columbian, First Contact, Colonial Conquest, Differentiation between cultural groups; Reservation period, twentieth-century self-determination, and Pan-Indianism; also taught at Qatar campus.",Inclusive,"10,16,17",,Spring 2026
"The Second World War: Origins, Courses, and Consequences",HIST,HIST,231,Undergraduate,"Rise of fascism in Europe and East Asia; causes and consequences of World War Two; strategies, tactics, and battles in the European and Pacific theaters; civilian lives and the homefront for Allied and Axis powers.",Inclusive,"10,16,17",,Spring 2026
Holy War,HIST,HIST/RELS,212,Undergraduate,"Concepts of holy war in Jewish, Christian, and Muslim history; language and literature of holy war; motivations for waging holy war; the relationship between war, martyrdom, pilgrimage, and sainthood; religious orders engaging in holy war; political aims of holy war; practices of holy war; perspectives of those attacked in holy wars.",Inclusive,"10,16,17",,Spring 2026
Holy War,RELS,HIST/RELS,212,Undergraduate,"Concepts of holy war in Jewish, Christian, and Muslim history; language and literature of holy war; motivations for waging holy war; the relationship between war, martyrdom, pilgrimage, and sainthood; religious orders engaging in holy war; political aims of holy war; practices of holy war; perspectives of those attacked in holy wars.",Inclusive,"10,16,17",,Spring 2026
Worksite Health Promotion,HLTH,HLTH,410,Undergraduate,"Careful examination of strategies to design, implement and evaluate exercise and health programs in worksites; including health risk assessment, marketing protocol, needs assessment, corporate culture issues, policy development, and cost-benefit analysis.",Inclusive,"3,8",,Spring 2026
"International Perspectives in Hospitality, Tourism and Events",HMGT,HMGT,442,Undergraduate,"Transnational tourism and hospitality; cross-cultural consumption of experiences; differences and similarities in cultural norms, exceptions, rules and preferences; global perspective from a hospitality and tourism lens to explore culture, language, customs, religion, politics, leisure, business, law, gastronomy and environment.",Inclusive,"10,17",,Spring 2026
Application of Tourism Principles,HGMT,HGMT,302,Undergraduate,"Tourism principles applied at local, regional, and international levels; examination of the scale, scope, and organization of the industry, including marketing destinations and experiences; issues related to the economic, technological, and political aspects of tourism.",Inclusive,8,,Spring 2026
Recreation in American Culture,HGMT,HGMT,301,Undergraduate,"Identify and examine the fundamental concepts of leisure and outdoor recreation and how they influence us as individuals, groups, and society; critical factors such as self, family, lifespan, ecology, health, work patterns, communications, diversity, popular culture, and consumption are studied in",Inclusive,"3,10",,Spring 2026
"Hospitality, Food and Culture in Global Tourism",HGMT,HGMT,204,Undergraduate,"This course provides an in-depth examination of global culinary traditions and food practices with a specific focus on their application within the Hospitality, Hotel Management, and Tourism industries. Students will explore how culture, geography, history, and socio-economic factors shape dining experiences and food service globally, and how these influences are integral to international hospitality operations, restaurant management, and tourism experiences.",Inclusive,"2,10",,Spring 2026
Processing Coffee and High-Value Horticultural Crops,HORT,HORT,450,Undergraduate,Examination of the principles behind coffee processing and other high-value food crops including cultivation; different unit processing operations; methods for preservation; packaging and marketing strategies; and a processing plant visit. Prerequisite: Junior or senior classification or approval of instructor.,Inclusive,2,,Spring 2026
Sociohorticulture,HORT,HORT,335,Undergraduate,"Horticulture as it relates to humans through people-plant interactions; use of horticulture to improve quality of life; awareness and appreciation of the economic, environmental, social and health benefits of plants. Prerequisite: Junior classification",Inclusive,3,,Spring 2026
Issues in Horticulture,HORT,HORT,315,Undergraduate,"Analysis of contemporary economic, technological, environmental, human resource, and regulatory issues that impact the way global horticultural firms compete; emphasis on problem recognition and analysis of managerial decisions by firms throughout the entire horticultural supply chain. Prerequisites: HORT 201, HORT 202, and junior or senior classification",Inclusive,"2,6",,Spring 2026
Plants for Sustainable Landscapes,HORT,HORT,308,Undergraduate,"Identification and use of indigenous and introduced landscape plants; plants for special uses in urban environments; emphasis on plants’ ornamental attributes, cultural requirements, and adaptability in urban and suburban environments.",Inclusive,2,,Spring 2026
Garden Science,HORT,HORT,301,Undergraduate,"Identification, propagation, soil management, fertilization, growth control and protection of common garden plants: indoor ornamentals, landscape ornamentals, fruits and vegetables; special topics include home landscaping, container gardens, bonsai, herbs and medicinal plants and hobby greenhouse management; overview of the effects of organic and non organic practices on the garden ecosystem. Prerequisites: Junior or senior classification, or approval of instructor.",Inclusive,2,,Spring 2026
Latin American Business: Costa Rica,IBUS,IBUS,459,Undergraduate,"This course is a broad survey of the field of Latin American business environment. The goal of this course is to provide you with an overview of Latin American business and cultural environment, which will enable you to interpret and respond to developments in the Latin American economy from a historical perspective, provide you with an understanding of Costa Rica’s business culture, and empower you to make sound business decisions on Latin American-related issues. While in country, students will analyze the attitudes and behaviors of small business owners in Costa Rica, explore the differences in business culture between the US and Costa Rica, and the respective economic initiatives between the countries.",Inclusive,"9,17",,Spring 2026
"European Integration (Italy, France, Monaco, Slovenia, Croatia)",IBUS,IBUS,456,Undergraduate,"History and institutional structure of the European Union; its regional cultures, values, economies and rifts; challenges faced by corporations and people in the region, including issues involving doing business with the European Union. May be repeated one time for credit. Prerequisite: Admission to upper division in Mays Business School.",Inclusive,"9,17",,Spring 2026
Asian Business Environment,IBUS,IBUS,455,Undergraduate,"The scope of business environments of Asia; geographical, demographic and cultural makeup; economic integration; human and cultural elements; financial and communication infrastructures; risk and market analysis; trade and investment patterns; Asian MNC's. May be repeated for credit if taken in a different country. Prerequisite: Admission to upper division in Mays Business School.",Inclusive,"9,17",,Spring 2026
International Business,IBUS,IBUS,310,Undergraduate,"Examination of how culture, government, history, politics, economy, and current events of one or more countries affect business; development of understanding of the foreign country or countries; real world comprehension on how to successfully engage in business due to understanding the economic, cultural, and political issues facing the country; global field-study based course with a duration of 1-2 weeks abroad. Want to see how business really works around the world? This course takes you beyond the classroom to explore how culture, politics, history, and economics shape global markets. You’ll learn directly from international business leaders and gain cultural experiences.",Inclusive,"9,17",,Spring 2026
Principles of the Global Economy,INTA,INTA,231,Undergraduate,"Instruction in three fundamental aspects of the global economic environment including economics of trade and international trade policies, international finance issues, introduction of international economic issues in developing countries; exposure to analytical tools and concepts in international economics and development economics.",Inclusive,"8,16,17",,Spring 2026
Principles of International Affairs,INTA,INTA,221,Undergraduate,"An overview of the study of interna tional relations; exploration of theories of international politics, war, nuclear weapons, terrorism, trade, finance, globalization, international law and human rights, and the environment.",Inclusive,"16,17",,Spring 2026
Introduction to International Social Issues,INTA,INTA,211,Undergraduate,Introduction to the basic concepts and frameworks for analyzing global events and understanding the current international situation; for freshman and transfer international studies majors. Prerequisites: International Affairs major.,Inclusive,"16,17",,Spring 2026
Biomechanics of Work,ISEN,ISEN,433,Undergraduate,"• Provide an understanding of the mechanical behavior of the human musculoskeletal system and component tissues when physical work is performed • Teach fundamental biomechanical concepts, principles, tools, and methods for the measurement of human physical attributes, evaluation of human mechanical capabilities, and modeling of the human musculoskeletal system (or components thereof) • Illustrate how concepts, principles, data, and models can be applied to improve human physical performances as well as the recognition and control of the risk of musculoskeletal disorders during work or daily living activities",Inclusive,"3,8",,Spring 2026
Human Factors Engineering for Aerospace Designs,ISEN,ISEN,432,Undergraduate,Physiological and psychophysiological issues encountered in aviation and space environments and their effect on human cognitive and physical performance; survey methods for human workload and performance evaluations; apply human-systems design principles to an aerospace design project. Prerequisites: Junior or senior classification. Cross-listed with AERO 436,Inclusive,"3,8",,Spring 2026
ITDE Capstone Design II,ITDE,ITDE,402,Undergraduate,"Extended interdisciplinary design development process; project management; product-market fit and customer search considerations; manufacturing detailed design specifications; failure modes; applications of codes and standards; selection of design margins; product, component, development guidelines; intellectual property, product liability and ethical responsibility.",Inclusive,"9,12",,Spring 2026
Consideration and analysis of major works of film in Israel; interpretation of diverse cultures in Israel through film; relationship of film to Israeli history; taught in English.,JWST,JWST/FILM,315,Undergraduate,Consideration and analysis of major works of film in Israel; interpretation of diverse cultures in Israel through film; relationship of film to Israeli history; taught in English.,Inclusive,10,,Spring 2026
Consideration and analysis of major works of film in Israel; interpretation of diverse cultures in Israel through film; relationship of film to Israeli history; taught in English.,FILM,JWST/FILM,315,Undergraduate,Consideration and analysis of major works of film in Israel; interpretation of diverse cultures in Israel through film; relationship of film to Israeli history; taught in English.,Inclusive,10,,Spring 2026
Introduction to Jewish Studies,JWST,JWST/RELS,201,Undergraduate,"Exploration of Jewish history, culture, identity, and art throughout the millennia and in the modern world; focus on material in multiple media and approaches from a variety of disciplines.",Inclusive,10,,Spring 2026
Introduction to Jewish Studies,RELS,JWST/RELS,201,Undergraduate,"Exploration of Jewish history, culture, identity, and art throughout the millennia and in the modern world; focus on material in multiple media and approaches from a variety of disciplines.",Inclusive,10,,Spring 2026
Introduction to the Science of Health and Fitness,KINE,KINE,223,Undergraduate,"Overview of the human body systems; interdisciplinary focus on wellness, fitness, nutrition, disease, drug use; integrated physical activity centering on principles and applications of conditioning; collect data, evaluate information, formulate plans based on findings; experience with pedometers, heart rate monitors, bioelectrical impedance devices, software and other technology; also taught at Galveston campus.",Inclusive,3,,Spring 2026
First Aid,KINE,KINE,216,Undergraduate,"Basic first aid instruction leading to, University Level, first aid course completion recognition.",Inclusive,3,,Spring 2026
Foundations of Kinesiology,KINE,KINE,213,Undergraduate,"By the end of the course, the student will be able to: 1. Define Kinesiology 2. Delineate why physical activity is important to human health and well being 3. Identify and differentiate the role of key sub-disciplines that constitutes a contemporary examination of Kinesiology as an academic discipline 4. Describe how the experimental process is used to delineate how each sub-discipline contributes to our understanding of the importance of physical activity for healthy living 5. Identify and discuss how exposure to the academic discipline of Kinesiology prepares an individual for a variety of professions",Inclusive,3,,Spring 2026
The Art of Movement,KINE,KINE,210,Undergraduate,"Introductory course that examines and appreciates movement as expressed by every culture; movement is a function driven by context, whether practical or artistic; this course examines how dance is used to advance personal, social expression via design, patterning, connoted meaning, and inter connectivity of form; in-class discussions, applications, and presentations, students attend and critique off-campus dance productions to enhance perspective, experience and appreciation of dance movement.",Inclusive,10,,Spring 2026
Landscape Architecture Capstone,LAND,LAND,412,Undergraduate,"Students will learn to design individual design sites as behavioral settings for people, such as a place to live, work, play, learn and heal, and as sustainable sub-components of larger cultural and natural systems. Students are expected to develop the ability to apply basic and advanced site design principles that combine natural elements (landform, vegetation, water, climate, etc.) and human-built elements (roads, paths, buildings, utilities, furniture, etc.), to design responsively to the functional, environmental, aesthetic, and cultural requirements of the site.",Inclusive,"3,11",,Spring 2026
Landscape Construction III,LAND,LAND,331,Undergraduate,"Third construction studio course; sustainable water management techniques in landscape development; theory, principles, and techniques of low impact development; construction document preparation, working drawings, project layout and design; theory and principles of irrigation and lighting design. Field trips required.",Inclusive,"6,11",,Spring 2026
History and Development of Landscape Architecture in North America,LAND,LAND,241,Undergraduate,"LAND 241 offers an in-depth exploration of history and development of landscape architecture practice in North America. This course traces the field from early indigenous land practices through the emergence of the profession in the 19th century to its contemporary form. LAND 241 also explores the roots of landscape architecture highlighting key designers, evolving philosophies, movements, and innovations. Through lectures, case studies, and discussions, students will investigate how cultural, political, ecological, and technological forces have helped shape the environment across North America.",Inclusive,11,,Spring 2026
History of Landscape Architecture/Development of Landscape Architecture,LAND,LAND,240,Undergraduate,"Introduction to history of land use, urban design and planning, and site design from prehistory to the present in Europe, Asia, Africa and Australia; contemporary issues in landscape architecture such as sustainability, ecological design, and professional roles, both historically and at present, with comparisons to American examples.",Inclusive,11,,Spring 2026
Social and Behavioral Design,LAND,LAND,212,Undergraduate,"LAND 212 introduces the students to basic understanding of human-environment interactions that influence and are influenced by design decision-making. This course introduces how to design physical settings that foster social interactions, improve people’s psychological well- being, as well as support active living behaviors. Students are also introduced to the basic design knowledge of environmental perception, human preferences and fears, way finding, cognitive mapping and restorative environments as a basis for making design decisions. The course will concentrate on developing the students' ability to apply basic site design principles that combine human factors with natural systems to create usable three dimensional spaces that are environmentally, socially, and culturally equitable. Students are also introduced to the tools and methods to be used during systematic design process, including mapping, trace measures, and observation to understand and analyze human behaviors. Students are expected to develop the ability to apply basic site design principles that combine natural elements (landform, vegetation, water, climate, etc.) and human-built elements (roads, paths, buildings, utilities, furniture, etc.), to design responsively to the functional, environmental, aesthetic and cultural requirements of the site.",Inclusive,"3,11",,Spring 2026
Innovation Mindset for Design and Research,MEEN,MEEN,497,Undergraduate,"Exploration of the key behaviors of innovators and how to increase innovativeness in one's work; exploration of additional learning orientations, including Design Thinking and Lean experimentation, and Leadership practices to increase innovation in teams. Prerequisite: Junior or senior classification.",Inclusive,9,,Spring 2026
Bio-Inspired Engineering Design,MEEN,MEEN,440,Undergraduate,Expand design space available to engineering by developing and understanding of how nature solves problems; study of effective bio-inspired design and biomimetic applications to draw solutions from nature; enhance concept generation through the use of bio-inspired design; use current state of the art methods in bioinspired design; view nature’s solutions to different problems form an engineering perspective.,Inclusive,9,,Spring 2026
HEALTHTECH FOR IMPROVING CUSTOMER CARE,MKTG,MKTG,444,Undergraduate,"Contemporary examination of the development, marketing and co-created value-in-use aspects of technology products (e.g., databases, applications, mobiles, wearables) in the health industry used to improve the delivery, payment and consumption of care.",Inclusive,"3,9",,Spring 2026
Materials Research and Design II,MSEN,MSEN,402,Undergraduate,"The goal of the capstone sequence is for students to be able to propose and design a system, component, or process to meet desired needs within realistic constraints such as economic, environmental, social, political, ethical, health and safety, manufacturability, and sustainability.",Inclusive,9,,Spring 2026
Materials in Society,MSEN,MSEN,205,Undergraduate,"Introduction to the study and practice of materials science and engineering; current topics in materials research and development, focusing on the impact of advanced materials on engineering fields and society; application of scientific engineering principals to guiding materials engineering process, with examples drawn from real-life case studies. Prerequisite: Grade of C or better in MSEN 201, or concurrent enrollment; or approval of instructor",Inclusive,"9,12",,Spring 2026
Global Hip Hop,MUSC,MUSC,323,Undergraduate,"Examination of global and diasporic networks of hip hop music and culture; emphasis on the musical, visual, embodied, and intellectual artistic expressions of hip hop; discussion of hip hop’s engagement with youth culture, politics, activism, media and industry, identity, and historical contexts.",Inclusive,10,,Spring 2026
History of Jazz,MUSC,MUSC,225,Undergraduate,"Non-technical survey of jazz as America’s classical music, from the earliest recorded blues through the most recent trends; examination of how jazz has broadly expressed issues of modern life.",Inclusive,10,,Spring 2026
Music History Survey,MUSC,MUSC,220,Undergraduate,"Overview of historical developments in music from antiquity to the contemporary era; exploration of musical characteristics, significant composers or performers, and cultural-social context; selected works from within historical, psychological, societal, and aesthetic contexts.",Inclusive,10,,Spring 2026
Foundations of Museum Studies,MUST,MUST/ANTH/ARCH,221,Undergraduate,"An introduction to the interdisciplinary field of museum studies, exploring how museums collect, preserve, interpret, and exhibit material culture to convey cultural, historical, and scientific knowledge. Emphasizes museums as dynamic institutions shaped by ethical, educational, and civic responsibilities and fosters critical inquiry into questions such as: Who do museums serve? How do objects acquire meaning? What responsibilities do museums have to communities and history?",Inclusive,"4,10,11",,Spring 2026
Foundations of Museum Studies,ANTH,MUST/ANTH/ARCH,221,Undergraduate,"An introduction to the interdisciplinary field of museum studies, exploring how museums collect, preserve, interpret, and exhibit material culture to convey cultural, historical, and scientific knowledge. Emphasizes museums as dynamic institutions shaped by ethical, educational, and civic responsibilities and fosters critical inquiry into questions such as: Who do museums serve? How do objects acquire meaning? What responsibilities do museums have to communities and history?",Inclusive,"4,10,11",,Spring 2026
Foundations of Museum Studies,ARCH,MUST/ANTH/ARCH,221,Undergraduate,"An introduction to the interdisciplinary field of museum studies, exploring how museums collect, preserve, interpret, and exhibit material culture to convey cultural, historical, and scientific knowledge. Emphasizes museums as dynamic institutions shaped by ethical, educational, and civic responsibilities and fosters critical inquiry into questions such as: Who do museums serve? How do objects acquire meaning? What responsibilities do museums have to communities and history?",Inclusive,"4,10,11",,Spring 2026
Professional Practice Issues for the RN,NURS,NURS,468,Undergraduate,"Professional practice issues such as those related to political action, socio-legal concerns, cultural diversity, and ethics are explored with an emphasis on the advocacy role of the nurse. The importance of the nurse leader as a role model for continued professional growth through lifelong learning is emphasized",Inclusive,"10,16",,Spring 2026
Health Assessment for the RN,NURS,NURS,463,Undergraduate,"In this course, the concepts and principles underlying assessment of the health status of culturally diverse individuals are presented. An emphasis is placed on reviewing and renewing cognitive, affective, and psychomotor skills to obtain health histories and discover physical and psychosocial findings in the well person. The role of genetics in family histories is examined. Successful completion of the course requires students to successfully complete a head-to-toe health assessment examination with accurate documentation of the findings.",Inclusive,"10,16",,Spring 2026
Nursing Dimensions and Informatics for the RN,NURS,NURS,460,Undergraduate,"This course is designed to build on the informatics knowledge and skills of the practicing nurse. Emphasis is placed on the application of the ANA Standards for Nursing Informatics and Professional Practice and incorporation of information technology to support patient care and clinical decision-making. The course will assist the students to develop the professional role by incorporation of the philosophy of nursing, nursing theory, and clinical reasoning. The nurse’s role in interprofessional practice will be explored. The influence of ethics and cultural/society issues on the nursing profession are explored as well as opportunities for personal and professional development.",Inclusive,"10,16",,Spring 2026
Care of Community Health Clients,NURS,NURS,421,Undergraduate,"The nursing process is utilized in the study of community/public health nursing practice and common health problems encountered in community settings. Health promotion, maintenance, counseling and coordination of care are utilized in providing care to individuals, families, aggregates and populations in community settings. Principles and skills of public health nursing practice are used to assess a community’s health and diagnose community health needs. Prerequisite: Grade of C or better in NURS 306 or NURS 313, NURS 307 or NURS 314, NURS 312, NURS 316 and NURS 320",Inclusive,"10,11",,Spring 2026
Adult Nursing II,NURS,NURS,420,Undergraduate,"Examination of the effects of critical and complex illness on individuals and families; exploration of the effects of critical illness and injury on the growth and development of adults; use of clinical decision-making and collaborative practice to assist adults in reaching their optimal level of wellness; includes clinical practice with diverse populations in emergency and critical care settings, simulation, laboratory, and community experiences. Prerequisite: Grade of C or better in NURS 320 or concurrent enrollment.",Inclusive,"10,16",,Spring 2026
Nursing Care of Children and Families,NURS,NURS,413,Undergraduate,"A study of the factors influencing health promotion, protection and maintenance of infants, children and adolescents; examination of family theory, growth and development, primary health care, and acute, chronic, and terminal conditions; clinical experience in caring for healthy, at-risk, acutely and chronically ill infants, children, adolescents and their families. Prerequisites: Grade of C or better in NURS 306 or NURS 313, NURS 307 or 314, NURS 312, NURS 316, and NURS 320",Inclusive,3,,Spring 2026
Mental Health Nursing Care Across the Lifespan,NURS,NURS,342,Undergraduate,"Principles and concepts of mental health, psychopathology, and treatment modalities relevant to improve the health of clients with mental health needs; development of complex knowledge, critical judgment, essential skills, and professional values within legal, ethical, and patient-centered care frameworks; responsibilities of professional nurses as providers of evidence-based care, patient safety, and individual, family, and group recovery; includes a clinical component. Prerequisites: Grade of C or better in NURS 330 and NURS 340.",Inclusive,3,,Spring 2026
Understanding Obesity - A Social and Scientific Challenge,NUTR,NUTR/FSTC,320,Undergraduate,"Perspectives of obesity in food science, nutrition, health and psychology; study of obesity factors in relation to genetics, exercise physiology and sociology with emphasis on food and nutrition. Prerequisites: Junior or senior classification or approval of instructor. Cross-listed with FSTC 320.",Inclusive,"3,16",,Spring 2026
Understanding Obesity - A Social and Scientific Challenge,FSTC,NUTR/FSTC,320,Undergraduate,"Perspectives of obesity in food science, nutrition, health and psychology; study of obesity factors in relation to genetics, exercise physiology and sociology with emphasis on food and nutrition. Prerequisites: Junior or senior classification or approval of instructor. Cross-listed with FSTC 320.",Inclusive,"3,16",,Spring 2026
Religious and Ethnic Foods Section,NUTR,NUTR/FSTC,300,Undergraduate,"Understanding religious and ethnic foods with application to product development, production, and nutritional practices; emphasis on different cultures, food rules, and priorities with attention given to different religious and ethnic groups within the US and around the world.",Inclusive,"3,10",,Spring 2026
Religious and Ethnic Foods Section,FSTC,NUTR/FSTC,300,Undergraduate,"Understanding religious and ethnic foods with application to product development, production, and nutritional practices; emphasis on different cultures, food rules, and priorities with attention given to different religious and ethnic groups within the US and around the world.",Inclusive,"3,10",,Spring 2026
Mathematical Modeling of Ocean Climate,OCNG,OCNG,451,Undergraduate,"Problem-based course in theoretical and computer techniques applied to mathematical solutions of ocean climate, including ocean circulation, climate variability, El Niño. Prerequisite: MATH 308.",Inclusive,13,,Spring 2026
Chemical Oceanography,OCNG,OCNG,340,Undergraduate,"A basic understanding of the chemistry of the ocean and the chemical fluxes with the atmosphere, continents and seafloor; special emphasis will be placed on the application of chemical concepts and measurements to the other oceanographic disciplines. Prerequisites: CHEM 120 and OCNG 251.",Inclusive,"13,14",,Spring 2026
The Blue Planet - Our Oceans,OCNT,OCNT,251,Undergraduate,Overview of the ocean environment; interrelation of the subdisciplines of ocean sciences; importance of the oceans to human beings; human impact on the oceans; also taught at Galveston campus.,Inclusive,14,,Spring 2026
Biology of Psychological Disorders,PBSI,PBSI,333,Undergraduate,"Neurobiology and clinical explanation of molecular mechanisms underlying psychiatric disorders and their drug treatments; depression and bipolar, anxiety disorders, mood disorders, psychosis and schizophrenia.",Inclusive,3,,Spring 2026
Psychology of Adolescence,PBSI,PBSI,323,Undergraduate,Psychological problems of normal teenage individual; ways and means of aiding youth to meet these problems constructively.,Inclusive,"3,4",,Spring 2026
Performance in World Cultures,PERF,PERF,301,Undergraduate,"Application of the tools of performance studies to explore the enactment of the arts in world cultures and the ways the people of every society express themselves in performance; examination of different genres of performance through music, theatre, verbal art and dress.",Inclusive,10,,Spring 2026
DRESS IN WORLD CULTURES,PERF,PERF,156,Undergraduate,"Relationship of dress to humans as biological, aesthetic, and social beings; dress as cultural performance.",Inclusive,10,,Spring 2026
Ethics and Engineering,PHIL,PHIL,482,Undergraduate,"Development of techniques of moral analysis and their application to ethical problems encountered by engineers, such as professional employee rights and whistle blowing; environmental issues; ethical aspects of safety, risk and liability, and public welfare; conflicts of interest; emphasis on developing the capacity for independent ethical analysis of real and hypothetical cases.",Inclusive,9,,Spring 2026
Health Advocacy and Policy,PHLT,PHLT,412,Undergraduate,"Concepts of legal, ethical, economic and regulatory dimensions of public health policy; the roles, influences and responsibilities of the different agencies and branches of government; advocacy for the public’s health at all levels of society. Prerequisites: Grade of C or better in PHLT 313; public health major; junior or senior classification",Inclusive,"3,16",,Spring 2026
Health Care and Public Health System,PHLT,PHLT,313,Undergraduate,Two distinct systems – health care system: an individual and medical services model and the public health system: population level disease prevention and health education. Prerequisites: Public health major; junior or senior classification; or approval of instructor,Inclusive,"3,10,16",,Spring 2026
Biological Basis of Public Health Diseases & Disorders,PHLT,PHLT,304,Undergraduate,"Overview of the underlying science of human health and disease, considering biological mechanisms in the individual and in populations; topics include a broad set of categories of adverse health events: infectious and chronic diseases, exposure to pathogens and toxins, nutritional deficiencies, child and maternal health, biological bases of mental and 2 behavioral health and addiction; examination of the interactions between biologic and sociocultural factors and the biology of epidemics; foundational understanding of opportunities to promote and protect health across the life course; application of disease knowledge in community and allied health professions.",Inclusive,"3,16",,Spring 2026
Social Context of Population Health,PHLT,PHLT,303,Undergraduate,"Exploration of social determinants of population health and the socio-cultural roots of health improvement; socio economic, behavioral, and other factors that impact human health and contribute to health improvement and health disparities.",Inclusive,"3,10,16",,Spring 2026
International Cooperation,POLS,POLS,333,Undergraduate,"Contemporary issues, problems, and solutions in international cooperation. Prerequisites: POLS 206; junior or senior classification or approval of department head.",Inclusive,17,,Spring 2026
Latino Politics in the United States,POLS,POLS,304,Undergraduate,Survey of historical and contemporary issues in Latino politics in the U.S.; race and ethnicity in the context of U.S. politics; comparisons of racial and ethnic group experiences in the U.S. with those experienced by racial and ethnic groups elsewhere; Latino access to the political system through political participation. Prerequisite: Junior or senior classification.,Inclusive,"10,16",,Spring 2026
Animal Welfare,POSC,POSC,454,Undergraduate,Issues from an animal's perspective; opportunities to study the general questions that typically affect the welfare of an animal; insight to practices that can be used to improve the welfare of an animal,Inclusive,"14,15",,Spring 2026
Public Policies and Policymaking,PSAA,PSAA,440,Undergraduate,"Socio-economic, political, and institutional factors as they affect the development, implementation and impact of public policies. Strategies of choice by political regimes in the formation of public policies.",Inclusive,16,,Spring 2026
Multicultural and Interdisciplinary Literature for Middle Grades,RDNG,RDNG,371,Undergraduate,"Focuses on multicultural and interdisciplinary literature appropriate for middle grades students; implements and evaluates effective multicultural, interdisciplinary instruction through selection, use and development of literature in middle grades classroom. Prerequisite: Junior classification.",Inclusive,"4,10",,Spring 2026
Religions of the World: Directed Study,RELS,RELS,285,Undergraduate,"Introduction to academic study of religion and some of the world’s major religions; emphasis on the nature of religion, diversity of practice across religious traditions, religious appropriation, and functions of religion.",Inclusive,10,,Spring 2026
Special Topics in Environmental Conservation Planning,RWFM,RWFM,489,Undergraduate,"This course introduces students to applied conservation planning across major federal agencies and partner organizations. Through case studies and practical exercises, students will explore three cornerstone frameworks, U.S. Fish and Wildlife (USFWS) Species Status Assessments, Department of Defense (DoD) Integrated Natural Resources Management Plans, and U.S. Department of Agriculture (USDA) Natural Resource Conservation Service (NRCS) Conservation Planning process to understand their goals and implementation. Emphasis is placed on how these approaches intersect to advance biodiversity conservation, sustainable land and water management, and national environmental priorities.",Inclusive,"14,15",,Spring 2026
Environmental Impact Assessment,RWFM,RWFM,470,Undergraduate,Evolution of natural resources regulatory policies and how this influences current procedures for environmental/natural resources assessment and management; demonstration of the environmental impact assessment procedures and policy issues associated with environmental impacts.,Inclusive,"14,15,16",,Spring 2026
Aquatic Ecosystems,RWFM,RWFM,404,Undergraduate,"Inland and coastal zone aquatic ecosystems, lower foodweb structure, functioning and influence on living resources; lakes, rivers, estuaries, open bay systems, factors impacting ecosystem health and fisheries; harmful algal blooms, reduced water inflows, eutrophication and hypoxia formation as they affect foodwebs, recruitment of commercially and recreationally important fisheries.",Inclusive,14,,Spring 2026
Study abroad in natural resources,RWFM,RWFM,400,Undergraduate,"Focus on an individual student effort assessing the ecological and human dimensions of biodiversity conservation and nature tourism; exposure to the ecological aspects of managing natural resources, especially wildlife populations and their habitat, as well as the economic, social, and cultural factors affecting biodiversity conservation and nature tourism in a developing country. May be taken two times for credit. Cross-listed with ECCB 452.",Inclusive,"14,15,16",,Spring 2026
Human Dimensions of Natural Resource Management and Policy,RWFM,RWFM,345,Undergraduate,Social science principles that can help identify and address problems in natural resource and environmental management with two goals; exploration of concepts that help explain why people affect the environment as they do; introduction to methods for influencing and understanding human behavior that can be used to promote community and environmental sustainability. Prerequisite: Junior or senior classification,Inclusive,"14,15,16",,Spring 2026
Communicating in Natural Resources,RWFM,RWFM,321,Undergraduate,"Principles of effectively communicating natural resource science to a diverse stakeholder group; development of critical skills for obtaining and retaining employment in the Rangeland, Wildlife, and Fisheries Management fields; experience in audience identification, mixed-media presentations and interpersonal communications skills unique to the culture of diverse natural resources stakeholders.",Inclusive,10,,Spring 2026
Vegetation Management,RWFM,RWFM,317,Undergraduate,"Familiarization with practices that cause changes in rangeland vegetation composition for multiple uses; understanding of criteria for range improvement practices; comparison of expected responses of livestock forage production, watershed parameters and wildlife to vegetation changes following range improvements; systems concept for planning, analysis and implementation of range improvement practices.",Inclusive,15,,Spring 2026
Principles of Rangeland Management Around the World,RWFM,RWFM,314,Undergraduate,"Basic knowledge of world rangeland ecosystems, how these systems are managed in diverse cultural settings; principles of underlying ecological processes influenced by various land management practices; foster understanding of the values that people in different countries place on rangeland resources; use of these values to enhance geologically sustainable and socially acceptable rangeland management practices. Prerequisite: Junior or senior classification or approval of instructor.",Inclusive,"10,14,15,17",,Spring 2026
Wildland Watershed Management,RWFM,RWFM,301,Undergraduate,"Elements of watershed management including range, forest and other natural resources and principles and practices of wildland management for protection, maintenance and improvement of water resource values.",Inclusive,"14,15",,Spring 2026
Biotechnology for Crop Improvement,SCSC,SCSC/GENE,411,Undergraduate,"Use of biotechnology to improve agricultural, horticultural and forest crops; techniques and methods used and case studies where biotechnology has been used to alter traits such as pathogen resistance, protein or oil consumption, ripening, fertility and wood properties.",Inclusive,2,,Spring 2026
Biotechnology for Crop Improvement,GENE,SCSC/GENE,411,Undergraduate,"Use of biotechnology to improve agricultural, horticultural and forest crops; techniques and methods used and case studies where biotechnology has been used to alter traits such as pathogen resistance, protein or oil consumption, ripening, fertility and wood properties.",Inclusive,2,,Spring 2026
Soil and Water Microbiology,SCSC,SCSC,405,Undergraduate,"Roles of soil and water microorganisms in the sustainability and productivity of various ecosystems with specific emphasis on plant-microbial interactions, nutrient cycling, degradation of pesticides and other xenobiotics, generation of trace gases, and soil and water quality; hands-on laboratory experience with current techniques in soil and water microbiology..",Inclusive,"2,6,15",,Spring 2026
Water in Soils and Plants,SCSC,SCSC,309,Undergraduate,"Fundamentals of plant water use, and water movement and storage in soils; evapotranspiration, plant water requirements and irrigation scheduling; issues impacting irrigation and water quality; techniques for measuring soil and plant water relations.",Inclusive,"6,15",,Spring 2026
Clinical Teaching III: Specialized Instruction in High Support Needs,SEFB,SEFB,410,Undergraduate,"Overview of learning and behavioral characteristics of individuals with low-incidence disabilities such as intellectual disability, autism, physical disabilities, traumatic brain injury, sensory impairments, and multiple disabilities; research-based practices in assessment, instructional strategies, collaboration, and designing educational environments that facilitate active participation, self-advocacy, and independence.",Inclusive,"4,10",,Spring 2026
Clinical Teaching II - Academic Data-Based Interventions,SEFB,SEFB,325,Undergraduate,"Field-based study of evidenced-based academic interventions for students who are at-risk or who have disabilities; includes response to intervention (RTI)/multi-tier systems of supports (MTSS) strategies, data driven decision-making with assessments, data collection, selection of interventions, applying interventions, and progress monitoring used in school-based settings.",Inclusive,"4,10",,Spring 2026
Clinical Teaching I - Collaborative Practices in Education to Support Students with Disabilities,SEFB,SEFB,315,Undergraduate,"Field-based study of collaborative partnerships used in education to support students with disabilities; best-practices in collaboration and effective co-teaching strategies; collaboration between professionals such as special educators, general educators, paraprofessionals, related service professionals, community agencies, and with families.",Inclusive,"4,10",,Spring 2026
Temas en Lingüística Hispánica (Bilingüismo en el mundo hispano),SPAN,SPAN,462,Undergraduate,"Exploration of significant topics in Hispanic linguistics from different theoretical and applied perspectives. Descripción expandida: 
El uso de más de un código lingüístico es un fenómeno mucho más generalizado de lo que podría pensarse: es de hecho 
la norma y no la excepción. Para los lingüistas ha sido de gran interés desde siempre por lo que nos dice acerca de 
la organización mental del lenguaje y de las relaciones entre grupos sociales. Este curso presentará las características 
generales del fenómeno y se enfocará en el español y las lenguas con las que entra en contacto. Se enfatizará el 
contacto inglés-español en los Estados Unidos, dada su importancia para la historia, el presente y el futuro de Tejas, y 
situaciones de contacto del español con lenguas indígenas en América y con lenguas regionales en España. Se 
estudiarán las actitudes y respuestas institucionales y educativas al bilingüismo, con especial énfasis en la teoría y 
práctica de la enseñanza de la lengua materna a estudiantes de herencia.",Inclusive,10,,Spring 2026
Hispanic Sociolinguistics,SPAN,SPAN,452,Undergraduate,"Sociolinguistics is the empirical study of how society shapes language use and perception (and vice versa). In this course, we will trace the historical development of the field with its three distinctive theoretical waves: • How language is correlated with macro-social factors, such as age, biological sex, social class, country/region of origin (1st wave) • How one’s connections (or lack thereof) with other speech community members impacts language (2nd wave) • How language users perceive social differences through language and how they can utilize the social meaning associated with linguistic forms to project particular identities in specific discursive moments (3rd wave) Drawing from theoretical and empirical sources, as well as our lived experiences as language users, we will apply these concepts to the study of regional and social variation in the Spanish-speaking world. Additionally, this course will exemplify course concepts through the investigation of artistic and non artistic speech of historical and contemporary musicians throughout the Spanish-speaking world.",Inclusive,10,,Spring 2026
SPANISH ORAL COMMUNICATION FOR THE HEALTH PROFESSIONS,SPAN,SPAN,318,Undergraduate,"Development of advanced fluency in oral communication skills in Spanish within the context of the medical professions through discussion of health issues pertaining to the Latino/Hispanic community; field trips, service learning, volunteering, interviews, impromptu speaking and formal presentations. Prerequisite: SPAN 218, 3 credits of 300-level Spanish, or approval of instructor.",Inclusive,"3,10",,Spring 2026
SPANISH FOR HEALTH PROF II,SPAN,SPAN,218,Undergraduate,"Second half of a two-semester course sequence in Spanish at the high intermediate as defined by the American Council on the Teaching of Foreign Languages; for those interested in careers in the health professions; presentation and practice of the most important basic communication functions in patient-provider interaction. Only one of the following will satisfy the requirements for a degree: SPAN 202, SPAN 218, or SPAN 222.",Inclusive,"3,10",,Spring 2026
SPANISH FOR HEALTH PROF I,SPAN,SPAN,208,Undergraduate,"First half of a two-semester sequence in Spanish, at the mid intermediate level as defined by the American Council on the Teaching of Foreign Language; for those interested in careers in the health professions; presentation and practice of the most important basic communication functions in patient-provider interaction. Only one of the following will satisfy the requirements for a degree: SPAN 201, SPAN 208, or SPAN 221. Prerequisites: SPAN 102 with a grade of C or better or placement by exam; students with prior knowledge of Spanish are required to take the Spanish Placement Test before enrolling for the first time in a college Spanish course.",Inclusive,"3,10",,Spring 2026
Transition Planning and Preparation for Students with Disabilities,SPED,SPED,418,Undergraduate,"A field-based course involving psychological, social, physical, and cognitive development of 
secondary-age students; career assessment; programmatic options within educational and 
employment settings; transition models from school to adult settings.",Inclusive,"4,10",,Spring 2026
Adapting the General Curriculum,SPED,SPED,412,Undergraduate,"Methods of academic instruction in core content areas for learners with extensive support needs, emphasis on evidence-based practices, linking instruction to state-standards, age appropriate instruction, application of systematic instruction and response prompting, data-based decision making, building learners communicative competence, and generalization of skills.",Inclusive,"4,10",,Spring 2026
Assessment of Students with Disabilities,SPED,SPED,321,Undergraduate,"Advanced instruction in the history, concepts, perspectives, and characteristics of individuals with exceptionalities; examines the history of discrimination against people with disabilities; exploration of each of the eligibility categories under the Individuals with Disabilities Education Act (IDEA) and corresponding characteristics; emphasizes culturally responsive communication and support. Instruction in formal and informal assessment techniques used with students with disabilities, including interpreting and communicating scores; the response to intervention (RTI) process; selecting assessments; describing assessments; using assessments to inform the development of Individualized Educational Programs (IEPs); and designing assessment for progress monitoring. The learner will have the knowledge and skills to be able to individually assess students with disabilities and to understand and make data-based decisions using other measures as applicable.",Inclusive,"4,10",,Spring 2026
Effective Mathematics Strategies for Students with Disabilities,SPED,SPED,314,Undergraduate,Information and competencies through instruction in effective mathematics instruction for students P-12 with academic learning problems and/or disabilities; effective instruction design and teaching techniques; implementation of research-based methods relevant for active authentic learning; considers state and national standards related to teaching and learning mathematics. Prerequisites: Admission to Special Education Program.,Inclusive,"4,10",,Spring 2026
Intercultural Perspectives in Sport Management,SPMT,SPMT,489,Undergraduate,"Examines intercultural perspectives of shaping sport organizations in North American and international sport contexts. Students explore how cultural backgrounds, identities, and institutional traditions influence communication styles, leadership practices, decision-making, and professional relationships in sport settings. Emphasis is placed on developing intercultural awareness and the skills needed to work effectively across cultural contexts in sport organizations. The course engages topics such as global sport systems, cross-cultural leadership, identity in organizational life, and the impact of cultural norms on participation, representation, and organizational climate within sport.",Inclusive,"10,16,17",,Spring 2026
THEATRE HISTORY II,THEA,THEA,281,Undergraduate,Survey of the history of western theatre from the closing of the theaters in England in 1642 to the present; consideration of cross-cultural exchange and the influence of global performance practices on theatre in Europe and the United States.,Inclusive,"10,17",,Spring 2026
INTRODUCTION TO WORLD THEATRE,THEA,THEA,200,Undergraduate,"Introduction to World Theatre. Non-Western theatre, its origins and continuing influence on society and Western theater; emphasis on the theaters of India, China, Japan, Africa, the Caribbean and Latin America; also taught at Galveston campus.",Inclusive,"10,17",,Spring 2026
Introduction to Devised Theatre,THEA,THEA,103,Undergraduate,Overview of approaches to devising performance and collective creation in the US and around the world; fundamentals of theatrical production.,Inclusive,"10,11",,Spring 2026
URBAN AND REGIONAL STUDIES CAPSTONE,URPN,URPN,493,Undergraduate,Syntheses and application of skills and knowledge gained through coursework applied to the development of creative solutions to real-world projects.,Inclusive,11,,Spring 2026
Housing and Community,URPN,URPN,340,Undergraduate,"Housing, its development, planning, marketing, designing, financing and production' social and design history and contemporary issues of American housing development, urban renewal, neighborhood structure and community facilities. Prerequisite: Department majors and minors only or approval of instructur.",Inclusive,11,,Spring 2026
BUILDING BETTER CITIES,URPN,URPN,202,Undergraduate,"How can our cities – the places we live, work, and play – be better? This question is both ancient and contemporary and the proposed solutions are ever-changing. This course aims to introduce students to the theory and practice of public city/urban planning in the United States in order to provide the intellectual and practical framework to tackle this question. One of the many definitions of city planning is “a systematic, creative way to influence the future of neighborhoods, cities, rural and metropolitan areas, an entire nation and even the world” to improve the welfare and quality of life for residents in the community. Planning in this context involves making decisions and taking action related to issues that affect the entire community such as land use, transportation, housing, social services, community and economic development, and environmental quality. Through this class, students will learn about the tools and techniques required of planners, issues and challenges that affect planning, concepts related to planning processes, as well as the various fields of planning practice.",Inclusive,11,,Spring 2026
ENDOCRINE TOXICOLOGY,VIBS,VIBS,422,Undergraduate,"Environmental and occupational use of endocrine disrupting chemicals (EDCs); structure, toxicokinetics, and mechanism of action of EDCs; effects of EDCs on the development and function, disorders, and diseases (including cancer) of the endocrine and reproductive organs. A detailed study on the endocrine toxicology of Polychlorinated Biphenyls (PCBs), Polybrominated biphenyls (PBBs), Polycyclic Aromatic Hydrocarbons (PAHs), Dioxin and Bisphenol-A (BPA); plasticizers, pesticides, diethylstilbestrol, genistein and coumestrol, Perfluorinated Chemicals (PFAS) including Perfluoro octane sulfonate (PFOS) and Perfluorooctanoic acid (PFOA); microplastics, heavy metal endocrine disruptors, vinclozolin, atrazine, and persistent organic pollutants (POPs). Clinical perspectives of EDCs and their effects on estrogen and androgen receptor signaling, ovarian failure, oxidative stress/antioxidants, epigenetics, and an overview of research methodology to study EDCs, and an elaborate review of the endocrine disruptor screening program (EDSP) established by USEPA https://www.epa.gov/endocrine-disruption.",Inclusive,4,,Spring 2026
Introduction to Epidemiology,VIBS,VIBS,413,Undergraduate,Study and measurement of disease and health in populations; examples from literature and current events; emphasizes concepts and appreciation for epidemiologic approaches and applications in life. Prerequisite: Junior or senior classification,Inclusive,4,,Spring 2026
Great Poisonings of the World,VIBS,VIBS,222,Undergraduate,Exploration of the effect of intentional and accidental man-made and natural “poisonings” on humans and the environment and their impact on social and public policy. Prerequisite: Freshmen or Sophomore classification.,Inclusive,4,,Spring 2026
21st Century Global One Health,VIBS,VIBS,210,Undergraduate,"In depth presentation of concepts of surveillance, epidemiology and resistance, tropical medicine and One Health, climate change and One Health, conservation medicine and One Health, and protection science policy and One Health.",Inclusive,"4,13",,Spring 2026
One Health: an environmental perspective,VTPB,VTPB,489,Undergraduate,"This course explores the ecological and environmental bases for a broad array of modern One Health threats. Though a mixture of lectures, case studies, and individual environmental assessments students obtain a deeper understanding of the forces driving many of the common disease and health processes which occur at the intersection of human, animal, and environmental health. Core topics include the impacts on human and animal health of ecosystem services, population ecology, land use and spatial arrangement of habitats, water and air quality, climate, natural disasters, urbanization, agriculture, and human migration.",Inclusive,4,,Spring 2026
Food Toxicology & Safety/Food Toxicology II,VTPP,VTPP,404,Undergraduate,"This is a capstone course designed to educate students in the basic tenets of food safety and to promote an awareness of the interdisciplinary contributions of toxicology, nutrition, food 
and environmental chemistry and food microbiology. An understanding of contemporary issues in food safety and dietary risk factors for disease will be encouraged. Critical thinking and problem solving on the part of the students will be emphasized. Environmental chemicals and mycotoxins will be emphasized along with food safety research.",Inclusive,"2,4",,Spring 2026
Senior Seminar: Wonder Woman,WGST,WGST,481,Undergraduate,"In 1972, Gloria Steinem famously depicted Wonder Woman on the cover of Ms Magazine, with the headline “Wonder Woman for President” printed across her. Since then, this iconic image of the most famous female superhero has been for many a symbol of the feminist movement. Indeed, Wonder Woman was inspired by the rhetoric of the women’s suffrage movement, and her creator, William Moulton Marston, stated that in creating her character in the 1930s, he wished to empower women. Yet this character is also filled with troubling contradictions. Who exactly is Wonder Woman’s intended audience? What are we to make of the fact that no woman ever received credit for writing or illustrating Wonder Woman comics until the mid 1980s, and no woman was in charge of the series until the early 2000s? How did censorship affect the development and popularity of the character? Is Wonder Woman a different person on film than she is in her comics? This course will study Wonder Woman’s evolution from her creation to the present day and will examine how she mirrors the progress and limitations of the women’s rights movement in America. At the end, students will discuss whether or not Wonder Woman is a good symbol for Women’s and Gender Studies and recommend what they think the iconic heroine should be like.",Inclusive,5,,Spring 2026
Employment Discrimination Law,WGST,WGST/MGMT,430,Undergraduate,"This course focuses on the legal issues surrounding employment discrimination, including disparate treatment 
and impact; intent; affirmative action; sexual harassment; pregnancy, sex, race, religious, salary, disability, age, 
and ethnic discrimination.  The purpose of the class is to better equip managers and HR professionals with 
knowledge to identify and address complex legal issues.",Inclusive,"5,8",,Spring 2026
Employment Discrimination Law,MGMT,WGST/MGMT,430,Undergraduate,"This course focuses on the legal issues surrounding employment discrimination, including disparate treatment 
and impact; intent; affirmative action; sexual harassment; pregnancy, sex, race, religious, salary, disability, age, 
and ethnic discrimination.  The purpose of the class is to better equip managers and HR professionals with 
knowledge to identify and address complex legal issues.",Inclusive,"5,8",,Spring 2026
"Sex, Gender, and Cinema",WGST,WGST/FILM,343,Undergraduate,"Exploration of a significant topic at the intersection of women's/gender studies and film, such as cinema and sexuality studies, cinema and women, and cinema and masculinity; may include discussion of production, film content, and/or reception.",Inclusive,5,,Spring 2026
"Sex, Gender, and Cinema",FILM,WGST/FILM,343,Undergraduate,"Exploration of a significant topic at the intersection of women's/gender studies and film, such as cinema and sexuality studies, cinema and women, and cinema and masculinity; may include discussion of production, film content, and/or reception.",Inclusive,5,,Spring 2026
Feminist Inquiry and Research Methods,WGST,WGST,320,Undergraduate,"Interdisciplinary exploration of feminist research methods and inquiry in the humanities, social sciences and sciences; ethical approaches to research; questions of epistemology; feminist research design. Prerequisites: WGST 200.",Inclusive,5,,Spring 2026
The Marriage Institution,WGST,WGST/SOCI,315,Undergraduate,"Explore family life and contemporary family issues and debates, developing practical skills in critical analysis, communication, and sociological evaluation that are used in related professional contexts, especially for fields such as counseling, law and law enforcement, public policy, and health care; explore diverse family experiences, historical and contemporary norms, and public attitudes toward family structures; apply sociological approaches and research to analyze family forms, functions, processes related to inequality, and the dynamics of interaction",Inclusive,"5,10",,Spring 2026
The Marriage Institution,SOCI,WGST/SOCI,315,Undergraduate,"Explore family life and contemporary family issues and debates, developing practical skills in critical analysis, communication, and sociological evaluation that are used in related professional contexts, especially for fields such as counseling, law and law enforcement, public policy, and health care; explore diverse family experiences, historical and contemporary norms, and public attitudes toward family structures; apply sociological approaches and research to analyze family forms, functions, processes related to inequality, and the dynamics of interaction",Inclusive,"5,10",,Spring 2026
Health Design and Research,ARCH,ARCH,675,Graduate,"Examination of health environments to include buildings, healthcare gardens and restorative landscapes, and urban design for home-based care and independent living; emphasis on research-informed approaches for patient-centered design that reduce stress and promote improved health outcomes.",Focused,"3,11",,Spring 2026
Water-Energy-Food Nexus: Toward Sustainable Resource Management,BAEN,BAEN/CVEN,642,Graduate,"Principles and application of the Water-Energy-Food nexus to state, national and international Water-Energy-Food securities and the interlinkages between them; exploration of quantitative framework to develop and assess sustainable tradeoffs of resources; hands on experiences; relevant real world projects or case studies. Prerequisites: Strong analytical background; approval of instructor.",Focused,"2,6,7,17",,Spring 2026
Water-Energy-Food Nexus: Toward Sustainable Resource Management,CVEN,BAEN/CVEN,642,Graduate,"Principles and application of the Water-Energy-Food nexus to state, national and international Water-Energy-Food securities and the interlinkages between them; exploration of quantitative framework to develop and assess sustainable tradeoffs of resources; hands on experiences; relevant real world projects or case studies. Prerequisites: Strong analytical background; approval of instructor.",Focused,"2,6,7,17",,Spring 2026
Sustainable Design Through Process Integration,CHEN,CHEN,676,Graduate,"Systematic and state-of-the-art techniques for the sustainable design of chemical processes; emphasis on holistic and systematic approaches using process integration for the conservation of natural resources and the enhancement of process performance; includes visualization, algebraic and mathematical optimization approaches.",Focused,"6,7,9,12,13",,Spring 2026
Sustainable Construction,COSC,COSC,663,Graduate,"Contribution of materials and methods to meeting the needs of the present without compromising the ability of future generations to meet their own needs; overview of international, national, and local programs promoting sustainable construction; characteristics of the components of successful sustainable construction projects; theories and practices through case studies.",Focused,11,,Spring 2026
Multicultural Counseling,CPSY,CPSY,679,Graduate,"Effective communication skills in cross-cultural counseling or helping relationships in public and mental health settings, integration of theoretical knowledge with experiential training; psychological factors and lifestyles of cultural groups; effect on counseling relationship.",Focused,10,,Spring 2026
Accessible Computing,CSCE,CSCE,632,Graduate,"Exploration of traditionally disenfranchised user populations due to disability including discrimination and population characteristics; review of ethical and legal motivations for creating accessible technology; universal design and its role in the development, evaluation, design, and implementation of equitable and inclusive software and computer-based solutions; application of accessibility standards; compilation of a literature review on a current topic in accessible computing. Prerequisites: Graduate classification.",Focused,10,,Spring 2026
ENVIRONMENTAL REMEDIATION OF CONTAMINATED SITES,CVEN,CVEN,682,Graduate,"The goal of this course is to introduce to students various aspects of char acterization and design for remediation of sites contaminated by hazardous wastes, review of federal and state regulations, risk assessment, remediation technology screening and design of remedial plans. Key course topics include the federal regulations on site remediation, site char acterization, contaminant fate and transport in groundwater, remediation technologies and source control.",Focused,"6,12",,Spring 2026
Water-Energy-Food Nexus: Toward Sustainable Resource Management,CVEN,CVEN/BAEN,642,Graduate,"Principles and application of the Water-Energy-Food nexus to state, national and international Water-Energy-Food securities and the interlinkages between them; exploration of quantitative framework to develop and assess sustainable tradeoffs of resources; hands on experiences; relevant real world projects or case studies. Prerequisites: Strong analytical background; approval of instructor.",Focused,"2,6,7,17",,Spring 2026
Water-Energy-Food Nexus: Toward Sustainable Resource Management,BAEN,CVEN/BAEN,642,Graduate,"Principles and application of the Water-Energy-Food nexus to state, national and international Water-Energy-Food securities and the interlinkages between them; exploration of quantitative framework to develop and assess sustainable tradeoffs of resources; hands on experiences; relevant real world projects or case studies. Prerequisites: Strong analytical background; approval of instructor.",Focused,"2,6,7,17",,Spring 2026
Special Topics in Extinction Risk Assessment,ECCB,ECCB,689,Graduate,"This course aims to train advanced undergraduate and graduate students to prepare scientifically rigorous extinction risk assessments under the categories and criteria approved by the International Union for the Conservation of Nature (IUCN). The IUCN is the world’s leading authority on the conservation status of species. Students will learn to interpret and apply the IUCN Red List Categories and Criteria, compile supporting information, create distribution maps and manage data. They will work individually and in teams to prepare assessments of species, mirroring the process used by the IUCN Red List species specialist groups. Texas A&M participates in the IUCN Red List Partnership, and students will have opportunities to interact with species’ specialists.",Focused,"14,15",,Spring 2026
Theories of Gender,ENGL,ENGL/WGST,680,Graduate,"Theories of gender, sexualities, feminism, embodiment, and difference with particular focus on
their relationship to literary and cultural studies; emphasis on contemporary theoretical
positions, discourses, and debates.",Focused,5,,Spring 2026
Theories of Gender,WGST,ENGL/WGST,680,Graduate,"Theories of gender, sexualities, feminism, embodiment, and difference with particular focus on
their relationship to literary and cultural studies; emphasis on contemporary theoretical
positions, discourses, and debates.",Focused,5,,Spring 2026
Sustainability and Labor Compliance in Global Value Chains,ENGY,ENGY,672,Graduate,"This course focuses on supply chain sustainability by covering issues related to employment and labor compliance in global value chains. Compliance with national law and international labor standards is increasingly important and often highly scrutinized by the public, governments, and international organizations.",Focused,"8,12,17",,Spring 2026
"Effects of Culture, Diversity, and Poverty on Children and Youth",EPSY,EPSY,605,Graduate,"Understanding of how the intersecting nature of culture, diversity, and poverty impact adjustment outcomes in children and youth; comprehension of our own belief systems; exploration of disparities in education and mental health across ethnically, culturally and social economically diverse groups; strategies for alleviating educational and mental health disparities.",Focused,"1,4,10,11",,Spring 2026
Bilingualism in the Spanish-speaking World,HISP,HISP,671,Graduate,"Linguistic, psycholinguistic, and social aspects of bilingualism and multilingualism, with special reference to Spanish and the US; bilingual speakers and bilingual acquisition; bilingual communities: language identity, language maintenance and shift; implications for education and society; written and oral manifestations of bilingualism in the media and the arts. Prerequisite: Graduate classification.",Focused,"4,10",,Spring 2026
Seminar in History of Ideas in the Hispanic World,HISP,HISP,640,Graduate,"This course is designed to prepare students for academic and professional success in the field of Hispanic Studies as well as in related fields in which they will compete for job placements, such as comparative literature and Caribbean Studies. The course focuses on how ideas have travelled across Latin America and the Caribbean. After reading primary sources from the Hispanic world and the Francophone Caribbean, we will read the work of Sylvia Wynter, a theorist whose training focused on the Hispanic world and who connected that world to Caribbean philosophy. In order to prepare students professionally, course discussions will situate the readings within contemporary scholarly debates taking place in leading journals and professional conferences spaces, such as the Modern Language Association (MLA) and the American Comparative Literature Association (ACLA). These debates include vibrant and critical discussions of race, gender, sexuality, colonization, decolonization, civilization, war, peace, development, environmental justice, and many other histories and concepts. These academic spaces are also increasingly interdisciplinary, with scholars making connections across political theory, queer theory, Black Studies, Indigenous Studies, environmental studies, and many other fields. With a knowledge of how several theories and fields intersect, students will have a competitive advantage on the academic job market. The instructor and students may make connections between their experiences and the course readings; this is an accepted research method in the humanities today.",Focused,"4,10",,Spring 2026
Reading Seminar in Gender and Sexuality in History,HIST,HIST/WGST,618,Graduate,"Examination of how gender and sexuality operate both as categories of identity and as analytical tools;
how scholars have employed them to understand historical processes; how languages shape power
relationships; how other vectors of identify (class, race and nation) intertwine with gender and sexuality.",Focused,"3,4,5,10,16",,Spring 2026
Reading Seminar in Gender and Sexuality in History,WGST,HIST/WGST,618,Graduate,"Examination of how gender and sexuality operate both as categories of identity and as analytical tools;
how scholars have employed them to understand historical processes; how languages shape power
relationships; how other vectors of identify (class, race and nation) intertwine with gender and sexuality.",Focused,"3,4,5,10,16",,Spring 2026
U.S.-Latin America Relations and the Illicit Economy,INTA,INTA,735,Graduate,"In particular, we will explore the relationship between U.S. security objectives and the illicit economy that has developed in Latin America for the past 50 years. Historically, Latin America has been treated as America’s “backyard.” It was a launch pad for U.S. power projection through the construction of the Panama Canal, was the source of extractive economies for U.S. entrepreneurs as America developed into a global power, and during the Cold War, superpower rivalry in the region, at times, forced a violent backlash against peoples in the region by U.S. leaders. However, the region has not been a strategic priority for the United States in recent decades, and in fact, U.S. policies in Latin America have been dominated by issues relating to the illicit economy, especially the movement of people and goods (i.e., drug trade, the migrant crisis, etc.). This course traces the development of the illicit economy in relation to U.S. security objectives in the region, reflecting on the possibilities for productive relations in the future that decrease militarized policies and promote healthier, more stable societies in the region. To share a hemisphere means sharing everything, the good and bad. The United States and its Latin American partners have played central roles in shaping each other’s economies (licit and illicit) and resulting efforts to police them. We will examine the fundamental tensions between the development of the illicit economy in Latin America—which caters to U.S. demands for labor, goods, and capital—and the prohibitive policies Washington has developed to police the movement of people and goods, and the regions more broadly.",Focused,"10,11,16,17",,Spring 2026
International Economic Development,INTA,INTA,630,Graduate,"Economic dimensions of international development issues in the context of the major problems facing development planners such as poverty, inequality, population growth, environmental impact, the urban-rural interface, subsistence, agriculture, gender concerns, low rates of human capital formation, and globalization. Prerequisite: Graduate classification; BUSH 631 or approval of instructor.",Focused,"1,2,5,10,16,17",,Spring 2026
Concepts in Ecological Planning and Design,LAND,LAND/PLAN,635,Graduate,"• Describe innovative concepts in the fields of ecology and sustainable development; explain the meaning of ecological planning and design and its relevance in creating regenerative, resilient, or sustainable places across scales. • Explore the commonly employed methodologies and strategies aimed at enhancing ecosystem services; foster a critical perspective on their relevance and effectiveness in ecological sustainability. • Expand your ecological literacy as part of larger systems (ecoregions, watersheds, ecosystems, trophic levels, application of complex-system thinking). • Develop a comprehensive understanding of the global role of landscape architects as stewards of the environment; recognize the ethical and environmental responsibilities associated with this role on a planetary scale. • Distinguish between the meaning of ecological and “green,” and mold design approaches that are similar to, or share characteristics with ecological planning and design (ecological urbanism, resilience planning, landscape urbanism). Page 1 of 12 Course Syllabus • Cultivate a systematic ecological worldview by synthesizing individual ecological concepts into a coherent framework that informs decision-making and problem-solving within the broader context of environmental sustainability. • Gain insight into the significance of preserving the global ecosystem; emphasize the potential for achieving sustainability through conscious and sustainable daily behavior; contribute to a more environmentally responsible and sustainable future.",Focused,11,,Spring 2026
Concepts in Ecological Planning and Design,PLAN,LAND/PLAN,635,Graduate,"• Describe innovative concepts in the fields of ecology and sustainable development; explain the meaning of ecological planning and design and its relevance in creating regenerative, resilient, or sustainable places across scales. • Explore the commonly employed methodologies and strategies aimed at enhancing ecosystem services; foster a critical perspective on their relevance and effectiveness in ecological sustainability. • Expand your ecological literacy as part of larger systems (ecoregions, watersheds, ecosystems, trophic levels, application of complex-system thinking). • Develop a comprehensive understanding of the global role of landscape architects as stewards of the environment; recognize the ethical and environmental responsibilities associated with this role on a planetary scale. • Distinguish between the meaning of ecological and “green,” and mold design approaches that are similar to, or share characteristics with ecological planning and design (ecological urbanism, resilience planning, landscape urbanism). Page 1 of 12 Course Syllabus • Cultivate a systematic ecological worldview by synthesizing individual ecological concepts into a coherent framework that informs decision-making and problem-solving within the broader context of environmental sustainability. • Gain insight into the significance of preserving the global ecosystem; emphasize the potential for achieving sustainability through conscious and sustainable daily behavior; contribute to a more environmentally responsible and sustainable future.",Focused,11,,Spring 2026
Design for Active Living,LAND,LAND/PLAN,632,Graduate,"Students will learn to think outside their disciplinary box. They will be able to:  Understand the state of knowledge and practice in architecture, urban design, urban planning, transportation and public health, that address the relationship between built environment and physically active lifestyles.  Interpret the potential impact that these disciplines/professions may have on people’s health and well being, as well as sustainability and livability of built environment.  Improve their design and research skills by learning from this growing interdisciplinary field.",Focused,"3,11",,Spring 2026
Design for Active Living,PLAN,LAND/PLAN,632,Graduate,"Students will learn to think outside their disciplinary box. They will be able to:  Understand the state of knowledge and practice in architecture, urban design, urban planning, transportation and public health, that address the relationship between built environment and physically active lifestyles.  Interpret the potential impact that these disciplines/professions may have on people’s health and well being, as well as sustainability and livability of built environment.  Improve their design and research skills by learning from this growing interdisciplinary field.",Focused,"3,11",,Spring 2026
Nutrition and Healthy Aging,NUTR,NUTR,655,Graduate,"This course integrates the biology of aging with geriatric nutrition, covering theories of aging, the pathophysiology of age-associated diseases, the nutritional needs of older adults, and evidence-based nutritional interventions to promote longevity and healthy aging.",Focused,3,,Spring 2026
Social Epidemiology,PHEB,PHEB,624,Graduate,"This course entails an exploration and examination of the social determinants and distribution of physical and mental health outcomes. These determinants include socioeconomic inequalities, stress and social organization. The course focuses on the development and evaluation of testable hypotheses concerning the relationship between social conditions and health.",Focused,"3,10,16",,Spring 2026
Foundations of Maternal and Child Health,PHEB,PHEB,621,Graduate,"This course provides foundational maternal and child health (MCH) material to: Focus on the determinants, mechanisms and systems that maintain the health, safety, well-being, of children and their families in communities and societies; Describe MCH populations, conceptual frameworks, MCH health indicators and public health programs; Understand major challenges in the MCH field including health disparities, using and applying sound epidemiologic research, research issues, program planning and evaluation; Encourage critical thinking and interdisciplinary collaboration to improve MCH. This course encourages the data-based decision making to improve the health of mothers and children.",Focused,"3,10,11,16",,Spring 2026
Industrial and System Safety,PHEO,PHEO,682,Graduate,"This course covers general concepts and techniques of safety upon which more detailed and advanced applications may be based. In addition, concepts will include current system safety analysis techniques, failure mode and effect and fault tree analysis, as well as economic analysis for presentation of alternative solutions for problem solving.",Focused,"3,8,9",,Spring 2026
Ergonomics of the Upper Extremities,PHEO,PHEO,679,Graduate,"Fundamental topics upon which models for the prevention and control of distal upper extremity disorders are constructed. Focus is on topics including human anatomy, neurophysiology, electrophysiology and worker capacity evaluation",Focused,"3,8",,Spring 2026
Human Factors,PHEO,PHEO,655,Graduate,"Basic understanding of the theory and practice of human factors particularly as they related to safety domains. Topics are presented within the framework of humans as functioning systems. Specific foci of class are: Analysis (AN) of elements of a work system, i.e., task, human, and environment; application (AP) of Human Factors and Ergonomics (HF/E) analysis to work systems and human machine interfaces; testing (T) & evaluation methods for HF/E scientific efforts and industry domains.",Focused,"3,8",,Spring 2026
Health and Safety at Hazardous Waste Sites,PHEO,PHEO,645,Graduate,"Course covers OSHA compliance issues related to the protection of personnel engaged in on-site remediation activities. Students who satisfactorily complete the course meet the requirements for initial training under 20 CFR 1910.120 (HAZWOPER) and receive a certificate. Hands-on activities/workshops in the areas of personal protective equipment selection and use, sources of chemical information, decontamination procedures, air monitoring equipment, materials handling, and health and safety planning. Lab fee required.",Focused,"3,8,9,12",,Spring 2026
Environmental & Occupational Diseases,PHEO,PHEO,630,Graduate,"Identification, evaluation and quantification of risk factors for environmental and occupational diseases, using classic and current examples of exposures involving chemical, physical and biological agents. Selection of appropriate design and groups. Exposure assessment, including biomarkers and molecular dosimetry, genetics, gender, age, socioeconomic and other factors affecting susceptibility. The online section of this course cannot be taken as a repeatable course.",Focused,"3,8,10",,Spring 2026
Global Environmental Health,PHEO,PHEO,612,Graduate,"Review of the globalization and transformation of local problems into international issues; environmental problems that developing and underdeveloped countries face due to overpopulation, lack of natural resources, and lack of proper ways or technologies to dispose of hazardous water.",Focused,"6,8,10,12,16,17",,Spring 2026
Texas Training Initiative for Emergency Response,PHPM,PHPM,644,Graduate,"This course develops the knowledge, skills, and abilities needed to effectively respond to bioterrorism, infectious disease outbreaks, and other public health threats and emergencies using a multi-disciplinary approach. The course will focus on competencies paralleling the critical benchmark of emergency preparedness as identified by the Centers for Disease Control and Prevention, as well as to gain the knowledge, skills, and abilities along with practice to protect the public's health. The roles of many public health workers will be explored.",Focused,"3,16",,Spring 2026
Health Policy and Politics,PHPM,PHPM,640,Graduate,"This course examines critical topics in U.S. health policy and politics, focusing on legislative processes, political actors, statutory origins, and future implications. Students will analyze policy development, evaluate political influences, and prepare policy briefings (Memos) to enhance decision-making and advocacy skills. This section of PHPM 640 is delivered primarily online as an asynchronous course in Canvas and includes a one-week, in-person Washington, DC immersion focused on federal policymaking, advocacy, and stakeholder engagement.",Focused,"3,16",,Spring 2026
Global Health,PHPM,PHPM,639,Graduate,"Globalization of health is evolving dramatically spurred on by the globalization of trade and commerce, migration of peoples, and advances in communication. These changes are having a significant impact on health and health care. Multiple diseases, as influenza, emerging in a local site but then are transmitted at a global or pandemic proportion with a few short weeks or months. International travel and the migration of populations across countries can lead to the introduction of diseases or conditions previously unheard of or noted in only small numbers.",Focused,"3,16,17",,Spring 2026
Global Health Systems: Design & Analysis,PHPM,PHPM,638,Graduate,"A health system consists of all organizations, people, and actions whose aim is to promote, restore, or maintain health. Like most systems, health systems have defined goals and objectives. However, these systems exist within unique contexts, which can complicate comparative analyses. This course will explore frameworks and approaches for designing and analyzing health systems across the world. Throughout the course, students will be introduced to various international organizations, state actors, and civil society involved in global health systems; assess differing roles and opportunities for public and private actors in health systems; and apply theoretical frameworks for evaluating, designing, and reforming health care systems in different countries.",Focused,"3,16,17",,Spring 2026
Design for Sustainable Transportation,PLAN,PLAN,673,Graduate,"This course examines how historical planning practices, transportation design, automobile use, and land use policies impact travel behavior and how these policies can both encourage and discourage automobile dependence and the use of alternate transportation modes. Divided into two sections, the course first introduces the concept of sustainable transportation, the current state of U.S. transportation networks, how transportation decisions are made, and concepts such as housing location choice, livability, and policy. The course will then introduce a toolbox of strategies designed to mitigate congestion, promote sustainable transportation goals, and create spaces for healthy living. Students will learn principles, techniques, and examples of sustainable design, non-private auto transportation modes, pricing and parking strategies, active transportation, and traffic management. The latter half of the course will look at emerging trends in transportation like autonomous vehicles and shared mobilities. Students will also learn how truly sustainable transportation must address past planning issues, inequities, and injustices in both historical and contemporary approaches to transportation planning and design.",Focused,"10,11",,Spring 2026
Animal Welfare,POSC,POSC,654,Graduate,"Exploration of animal welfare issues from an animal's perspective; exploration of the 
general questions that typically affect the welfare of an animal and insight to practices that 
can be used to improve the welfare of an animal.",Focused,"14,15",,Spring 2026
Understanding Communities in the Arts,PVFA,PVFA,634,Graduate,"Exploration of aesthetic, sociocultural, political, and ecological issues in creating art that engages community and affects positive change; study of exemplary artworks and creation of proposals for new ones; emphasis on creative thinking, community involvement, collaborative enterprise, research, and the creation of art works honoring aesthetic and cultural values.",Focused,"10,11",,Spring 2026
Natural Resources Policy,RWFM,RWFM,670,Graduate," Review the conservation/environmental history of the United States and how that has influenced current views, laws and regulations related to the environment and land use.  Assess the various approaches to environmental impact assessments.  Understand the content, purpose, and process of the National Environmental Policy Act (NEPA).  Evaluate environmental assessments and environmental impact statements necessary for NEPA compliance.  Determine the permitting process needed to comply with the Endangered Species Act, the Clean Water Act, the National Historic Preservation Act, and other resource related laws.  Expand awareness of the myriad of laws and regulations that apply to conservation/environmental/land use issues and the professional approach to deal with these often contentious projects.",Focused,"6,7,13,14,15,16",,Spring 2026
Ecology and Society,RWFM,RWFM,620,Graduate,"Study and compare human and natural ecosystems using diversity, interrelations, cycles, and energy as the conceptional organization; central themes of the course are sustainability, stewardship and science. Additional Course Notes Students will learn about and explore how contemporary cultural groups and indigenous people use various physical tools to achieve natural resource management goals, examining the synergy between these goals and societal priorities and expression such as conservation, economic gain, and cultural identity.",Focused,"8,10,11,14,15",,Spring 2026
Wildland Watershed Management,RWFM,RWFM,601,Graduate,"Elements of watershed management and principles and practices of wildland management for protection, maintenance and improvement of water resources values; current literature and research advances.",Focused,6,,Spring 2026
Environmental Soil and Water Science,SCSC,SCSC,657,Graduate,"Discussion of physical, chemical, and biological properties of soil and water and the impact on productivity and sustainability of various ecosystems; application of the knowledge of properties and soil processes to develop and evaluate strategies for protecting and/or improving soil and water quality.",Focused,"6,14,15",,Spring 2026
"Seminar in Law, Deviance, and Social Control: “Crime, Punishment and the Life Course”",SOCI,SOCI,627,Graduate,"This class examines social inequality (e.g., social class, race/ethnicity, gender, age) as correlates of crime, punishment and victimization, and how each of these in turn have consequences for people’s life chances and further social inequality in society. This course facilitates student comprehension and mastery of key concepts, theories and issues in life course criminology. Core concepts include continuity and change in behaviors (i.e., persistence, desistance), revictimization, aging processes, cumulative disadvantage, re-entry from prison into society, and broader life course ideas of trajectories, transitions, and turning points. We focus on guiding life course principles and their development in the context of crime/deviance, victimization, and punishment. Implications of these issues for social policy, theory, and opportunities for prevention and intervention will be considered throughout the course. The course is organized in three parts. In Part I, we examine crime and antisocial behaviors, victimization in Part II, and then criminal legal system contacts and punishment in Part III. In each part, we focus on core principles of life course perspectives. We incorporate both classic and contemporary works to understand the development of the field and current and emerging topics.",Focused,"5,10,16",,Spring 2026
Practice of evaluating human health risks of chemicals,VTPP,VTPP,645,Graduate,"In this course, students will explore how the theory behind all of the major components of human health
risk assessment is applied to real-life challenges and decisions. The main objective is to provide students
with a realistic view of the “big picture” in human health assessment so they would understand how basic
science, public policy and special interests mesh together to produce regulations and/or decisions that
impact public health or the environment. The course will rely extensively on the expertise of the real-life
“practitioners” and afford an opportunity for students to engage in discussions with a diverse set of
stakeholders to further explore their perspectives on the theory and practice of evaluating human health
hazards and risks of chemicals. Real-life examples of how diverse types of information are integrated for
the purpose of judging what chemical exposures may pose a risk to human health.",Focused,"3,12,16",,Spring 2026
The Hydrogen Economy,SSEN,SSEN,645,Graduate,"Advances in the hydrogen economy and hydrogen production from renewable sources; hydrogen
storage, transport, delivery and utilization of clean energy using decarbonization methods; design and
operation of hydrogen production hubs and equipment; integrity of critical maintenance activities; case
studies of commercial applications; current technological challenges and innovations; economic and risk
analyses and their controls.",Focused,"7,8,9",,Spring 2026
Water Resource Economics,AGEC,AGEC,606,Graduate,Examination of economic concepts and tools contributing to the solution of water scarcity problems; development of working knowledge of water resource economics; policy options established and explored; analytical tools for performing policy and project assessment introduced and applied. Prerequisite: MATH 142.,Inclusive,6,,Spring 2026
Natural Resource Economics,AGEC,AGEC,604,Graduate,"Critical evaluation of policies and procedures in natural resource development and use; identification of problems in resource development, the political-economic decision-making processes and analytical tools which can contribute to economic decisions. Cross Listing: PSAA 663/AGEC 604.",Inclusive,"6,7",,Spring 2026
Youth Development Capstone Experience,ALEC,ALEC,677,Graduate,Application of recreation and youth development knowledge to a specific project or program of a cooperating youth development organization.,Inclusive,4,,Spring 2026
Practice and Development of Effective Skills for Youth Development,ALEC,ALEC/RPTS,671,Graduate,"Development of skills and competencies needed to successfully manage paid and volunteer staff, design youth programs, address safety and risk management issues; build community support of public, non-profit, and for profit or commercial youth programs and agencies; history and scope of youth serving organizations; programming and staffing strategies; managing, mentoring and training staff; diverse approaches to program curriculum and design; behavior management and recognition of youth participants; youth protection; relevant laws and legal mandates; safety, health and wellness; youth advocacy and engagement; working with parents and community partners; and issues and innovations in youth development. Prerequisite: Graduate classification. Cross-listed with RPTS 671.",Inclusive,4,,Spring 2026
Practice and Development of Effective Skills for Youth Development,RPTS,ALEC/RPTS,671,Graduate,"Development of skills and competencies needed to successfully manage paid and volunteer staff, design youth programs, address safety and risk management issues; build community support of public, non-profit, and for profit or commercial youth programs and agencies; history and scope of youth serving organizations; programming and staffing strategies; managing, mentoring and training staff; diverse approaches to program curriculum and design; behavior management and recognition of youth participants; youth protection; relevant laws and legal mandates; safety, health and wellness; youth advocacy and engagement; working with parents and community partners; and issues and innovations in youth development. Prerequisite: Graduate classification. Cross-listed with RPTS 671.",Inclusive,4,,Spring 2026
Science Communication and Public Engagement,ALEC,ALEC,650,Graduate,"Public engagement of science; communicating effectively about science, technology, engineering, and 
math; application of basics of science communication; conducting science communication research; 
influencing science through digital media.",Inclusive,4,,Spring 2026
Development and Planning of Community Education Programs,ALEC,ALEC,631,Graduate,"Focuses on the principles, theories, techniques, and applications for developing and planning educational program in a community setting; program development strategies, focusing educational programming in relation to issues identified citizens will be developed and enhanced in this course. This course is centered in the fact that communities are the foundation for successful problem solving and management of issues. Through active engagement, we will focus upon principles, theories, techniques, and applications of community building and problem solving which is quintessential to successful extension work and life.",Inclusive,11,,Spring 2026
"Food Safety: Policy, Regulations and Issues",ANSC,ANSC,637,Graduate,"Designed to explore the complexities of the regulations governing the production of foods of animal origin in the United States; requirements for countries importing products into the United States; federal, state and local requirement will be addressed. Prerequisites: ANSC 457, FSTC 457, ANSC 657, FSTC 657, or approval of instructor.",Inclusive,2,,Spring 2026
Environmental Archaeology,ANTH,ANTH,661,Graduate,"Explores the paleoecological context in which past humans interacted with the natural environment encompassing plants, animals and landscape. Introduces students to theories and methods relevant to studying past human-environment interactions. Outlines types of environmental data that survive in the archaeological record (geological, botanical, faunal, chemical), recovery and analytical methods, absolute chronology, and inferences made based on these data. Develops long-term, global perspective on human-environment interactions provided by the fields of archaeology and earth science.",Inclusive,"13,14,15",,Spring 2026
Software Analysis for HVAC Systems in Low Energy Buildings,ARCH,ARCH,643,Graduate,"Energy analysis (using EnergyPlus and OpenStudio software) with an emphasis on developing strategies for low energy use. Various heating and cooling systems will be simulated in a low energy building and the impact of the mechanical equipment (including air handling systems, chiller and boilers), the building envelope, energy management control systems and indoor air quality will be analyzed.",Inclusive,"7,11",,Spring 2026
APPLIED SOLAR ENERGY,ARCH,ARCH,619,Graduate,"Technology behind applied solar energy design, including solar resource evaluation, heat transfer related to solar design, active solar systems, passive solar design, the FCHART and PV FCHART design methods and lifecycle economics.",Inclusive,7,,Spring 2026
ARCHITECTURAL DESIGN IV,ARCH,ARCH,608,Graduate,"Students completing ARCH 608 should be able to: ▪ Investigate key issues related to the project, site, and context types. ▪ Demonstrate design thinking skills and develop formal ordering systems in response to the findings of the investigation of the project issues. ▪ Produce the technical documents demonstrating an understanding of the professions responsibility to historical traditions, global culture, accessibility, sustainability, site design, life safety, environmental and structural systems. ▪ Demonstrate initiative, curiosity, discipline, and integrity throughout the design process. ▪ Demonstrate the ability to make design decisions within architectural projects while demonstrating synthesis of user requirements, regulatory requirements, site conditions, and accessible design, and consideration of the measurable environmental impacts of their design decisions in accordance with current NAAB accreditation criteria. (see NAAB section)",Inclusive,11,,Spring 2026
Architectural Design II,ARCH,ARCH,606,Graduate,"Students completing ARCH 608 should be able to: ▪ Investigate key issues related to the project, site, and context types. ▪ Demonstrate design thinking skills and develop formal ordering systems in response to the findings of the investigation of the project issues. ▪ Produce the technical documents demonstrating an understanding of the professions responsibility to historical traditions, global culture, accessibility, sustainability, site design, life safety, environmental and structural systems. ▪ Demonstrate initiative, curiosity, discipline, and integrity throughout the design process. ▪ Demonstrate the ability to make design decisions within architectural projects while demonstrating synthesis of user requirements, regulatory requirements, site conditions, and accessible design, and consideration of the measurable environmental impacts of their design decisions in accordance with current NAAB accreditation criteria. (see NAAB section)",Inclusive,11,,Spring 2026
Aerosol Physics and Chemistry,ATMO,ATMO,689,Graduate,"Physical and chemical properties of atmospheric aerosols, including their impact on global climate change, air quality, and human health. Physical principles of particles suspended in air, including rectilinear and curvilinear motion in a force field, diffusion, evaporation, condensation, coagulation, and electrical properties. Aerosol chemical processes including the formation, evolution, and aging of organic aerosols, with an emphasis on fine aerosols.",Inclusive,"3,11",,Spring 2026
Advanced Atmospheric Chemistry,ATMO,ATMO,613,Graduate,"An advanced survey of fundamental atmospheric processes involving biogeochemical cycles, air 
pollution, tropospheric chemistry, atmospheric aerosols and stratospheric chemistry.",Inclusive,"3,11",,Spring 2026
Advanced Irrigation Engineering,BAEN,BAEN,689,Graduate,"Engineering principles and design of pressurized irrigation systems, introduction to the design of subsurface drainage systems, crop water requirements, soil water properties, irrigation scheduling, sprinkler irrigation, trickle irrigation, irrigation pumps, pipelines, irrigation canals.",Inclusive,2,,Spring 2026
Hydrology Across Scales,BAEN,BAEN,675,Graduate,"This course will introduce students to the advanced concepts of surface and subsurface hydrologic processes, measurements, and modeling techniques across different spatio-temporal scales; contemporary issues related to the soil and water resources, hydrogeology, geochemistry, microbiology, ecology, hydrology, and environmental engineering. The class will be divided into several modules with alternative theory and coding sessions every week. Each module will discuss one component of the hydrologic cycle by introducing its measurement, estimation, and scaling techniques followed by discussions on relevant published literature to aid the students in their final projects. At the end of the course, students will appreciate the issues pertaining to scaling limitations in hydrology and how it impacts our predictions and knowledge of global water cycle.",Inclusive,6,,Spring 2026
Design of Biological Waste Treatment Systems,BAEN,BAEN,665,Graduate,"Management and treatment of high organic content wastes, with emphasis on agricultural and food processing wastes; engineering design of biological waste treatment processes; regulatory aspects affecting management of agricultural wastes.",Inclusive,"2,12",,Spring 2026
Bioaerosols and Modeling,BAEN,BAEN,632,Graduate,"Overview of physical, mechanical, fluid dynamical, electrical, optical, and molecular aspects of bioaerosols; bioaerosol generation, sampling and deposition measurements including size distribution, morphology, chemical composition, bioaerosol samplers, sample analysis, dry and wet deposition, and biofilm resuspension; health effects of bioaerosols, antibiotic resistance, ambient sampling in industrial and agricultural fields.",Inclusive,3,,Spring 2026
Engineering Aspects of packaging,BAEN,BAEN,627,Graduate,Introduction to properties and engineering aspects of materials for use as components of a package and/or packaging system; principles of design and development of packages; evaluation of product-package-environment interaction mechanisms; testing methods; environmental concerns; regulations.,Inclusive,12,,Spring 2026
Ethics and Responsible Conduct of Research,BIOL,BIOL,696,Graduate,"Instruction on what constitutes fraud in science, how to recognize it and avoid committing fraud; includes basis of ethics and plagiarism; negotiation techniques and conflict management; regulations and ethics covering animal and human experiments; record-keeping; data management; peer review. May be taken four times for credit. Prerequisite: Graduate classification or approval of instructor.",Inclusive,9,,Spring 2026
Construction Economics,COSC,COSC,622,Graduate,Foundation in Life Cycle Cost Analysis computation within the context of current issues in environmental sustainability and evidence-based thinking; lean construction as a strategy to overcome the hurdle of first cost.,Inclusive,"11,12",,Spring 2026
Smart Structures,CVEN,CVEN,752,Graduate,"Fundamentals of smart structures including structural dynamics, damping, sensors, control concepts, smart materials, modeling of smart structures, and signal processing; semi-passive concepts, energy harvesting, semi-active concepts, active vibration control, active noise control, shape adaptation, and structural health monitoring.",Inclusive,11,,Spring 2026
Groundwater Engineering,CVEN,CVEN,674,Graduate,"Advanced groundwater hydrology, groundwater contamination, groundwater modeling, multiple-phase flow, salt water intrusion, artificial recharge, sustainable groundwater management. Prerequisite: CVEN 462, GEOL 410, or equivalent; or approval of instructor.",Inclusive,5,,Spring 2026
Water Resources Engineering Planning and Management,CVEN,CVEN,664,Graduate,"Managing water resources; the planning process, systems analysis methods; institutional framework for water resources engineering; comprehensive integration of engineering, economic, environmental, legal and political considerations in water resources development and management. Prerequisite: Graduate classification in engineering or approval of instructor.",Inclusive,5,,Spring 2026
Engineering Aspects of Air Quality,CVEN,CVEN,607,Graduate,Characterization of air contaminants; health effects and legal aspects; dispersion of pollutants in the atmosphere; technology for the control of gaseous and particulate emissions. Prerequisite: CVEN 311.,Inclusive,"3,11",,Spring 2026
Applied Biodiversity Science I,ECCB,ECCB,655,Graduate,"The rapid loss of biodiversity is a global crisis with no easy solutions. Slowing the loss requires collaboration, teamwork, and commitment on the part of many, including scholars of different disciplines, practitioners, policy makers, activists, local residents, community leaders, and people in both the private and public sectors, willing to work together. Yet too often, conservationists work in isolation of each other. Universities can be the worst examples of this, with students and professors working in disparate disciplines and departments, not communicating with each other, even as they are focused on the same challenges. Universities can also be the best examples of collaboration, with scholars sharing data, analyses, and insights, and acting together to influence policy and conservation on the ground. The Applied Biodiversity Science (ABS) Program at Texas A&M is one of the positive examples. Created in 2006, ABS is a multidisciplinary community of scholars focused on biodiversity loss and conservation. This graduate course is a foundation of ABS, introducing students to some of the main paradigms guiding conservation science. Co-taught by a conservation biologist and an environmental anthropologist, the seminar is a platform for dialogue and collaboration.",Inclusive,"14,15",,Spring 2026
Geographic Information Systems (GIS) for Resource Management,ECCB,ECCB,651,Graduate,"Geographic Information Systems (GIS) approach to solving spatial problems and managing natural resources, including the acquisition, management, manipulation, analysis, and mapping of spatial and non-spatial databases; identification of natural and relevant features from various data sources; integration of relevant technologies and data; extensive use of GIS software to solve real-world problems.",Inclusive,"13,14,15",,Spring 2026
Ecohydrology,ECCB,ECCB,635,Graduate,This course provides a framework for understanding how plants and animals affect the water cycle. We examine and explore the water cycle in all of its aspects with the idea of understanding how changes in land cover may influence the water cycle; implications for both upland and riparian systems.,Inclusive,"6,14,15",,Spring 2026
Ecological Modeling,ECCB,ECCB,603,Graduate,"Philosophical basis, theoretical framework, and practical application of systems analysis and simulation within the context of ecology and natural resource management; emphasis placed on development, evaluation, and use of simulation models by students.",Inclusive,"14,15",,Spring 2026
Smart Power Distribution Systems Analysis and Operation,ECEN,ECEN,716,Graduate,"Study of element models in active power distribution systems in smart grid operation from a physics and engineering perspective; exploration of emerging topics such as integrating solar panels, microgrid operations, advanced metering infrastructure, and restoration and outage management for active power distribution systems; and exposure to software tools for solving three-phase unbalanced power flow analysis and simple distribution system optimal power flow problems.",Inclusive,7,,Spring 2026
HVDC,ECEN,ECEN,668,Graduate,"Overview of high voltage direct current (HVDC) power transmission technology. This includes the motivations for HVDC, power grid system level operation, HVDC power electronics and controls and real world example installations of HVDC systems. Graduate standing in electrical engineering and background in power systems is required. Upon completion of the course, students will be able to: 
• Understand fundamentals of HVDC technology. 
• Understand basic power electronics for HVDC.  
• Specify and design basic building blocks of HVDC.  
• Understand motivations and applications of HVDC power in the power gird.  
• Understand the technical benefits of HVDC systems in sustainable power generation systems.",Inclusive,,,Spring 2026
Higher Education Business and Finance,EDAD,EDAD,611,Graduate,"• Understand the cost of higher education and implications on college affordability and accessibility, as well as national, state, and local funding policy. • Examine models of higher education budgeting and resource allocation within the framework of institutional types (public/private, Carnegie classification, etc.). • Describe the fiduciary policy role of federal and state governing bodies, including executive and legislative branches, governing boards, accreditation agencies, etc. • Critically apply research, scholarship, and theory to higher education business applications. • Describe higher education as a public and/or private good relative to past, current, and future policy.",Inclusive,4,,Spring 2026
Historical Analysis of Urban School Reform,EDCI,EDCI,619,Graduate,"In EDCI 629, students will be able to: • Analyze, synthesize and lead discussions on current educational topics affecting urban schools and communities • Examine neighborhoods, communities, and schools as contexts for teaching and learning opportunities. • Discuss how benchmarks have influenced and shaped urban education in American schools, past and present. • Describe and analyze specific benchmarks that impact(ed) urban education related to acts, trends, programs, legal mandates and laws. • Explore, analyze and discuss benchmarks related to domestic interests, globalization, finance, and demographics • Be able to discuss research and urban education. • Write a research-based paper on a specific benchmark in urban education.",Inclusive,4,,Spring 2026
"Topics in Gender, Literature, and Culture: Women Writing Nature",ENGL,ENGL,645,Graduate,"“Women Writing Nature” is designed as a survey of women’s representations of human interactions with the more-than-human world from the late 18th century to the present. The course will feature essays, memoirs, poetry, theory and novels from a range of women writers, including biologists, creative writers, anthropologists, philosophers, botanists, activists and travelers (in many cases, these categories will overlap in a single being). The historical breadth will allow us to track approaches to the natural world across two and a half centuries. For instance, when the Scottish traveler and amateur botanist Maria Calcott Graham visited Chile in 1824, she was both an agent of the British incursion in South America and an early proponent of Traditional Ecological/Indigenous Knowledge, learning many plant names and their uses from native Chileans. Like the Potawatomi botanist Robin Wall Kimmerer, Graham valued indigenous knowledge alongside her understanding of Linnaean botany. Similarly, discussions of human cultivation of the natural world could run through Andrea Wulf’s work on the gardens of the revolutionary period that shaped American national identity, to Louisa May Alcott’s Transcendental Wild Oats, Charlotte Perkins Gilman’s Herland, Becky Chamber’s futuristic Psalm for the Wild-Built and Camille Dungy’s Soil. The potential readings below and additional critical articles will give us a wide ranging foundation in ecofeminism, animism, environmental justice, decolonial trajectories, and the stakes of our own entanglements with the natural world.",Inclusive,5,,Spring 2026
Bioenergy,ENGY,ENGY,603,Graduate,Introduction to the fundamentals of biomass (biochemistry and resources); basics of important processing technologies for the pre-treatment and conversion of biomass to useful products. Prerequisite: Graduate classification; ENGY majors.,Inclusive,"7,13",,Spring 2026
Vector-Borne Disease Management and Response in Human and Animal Systems,ENTO,ENTO,635,Graduate,"Integration of arthropod vector biology and surveillance with response and management of vector-borne disease outbreaks; complex interactions of diverse authorities in vector-borne disease management and response; participation in designing, operating, and assessing outbreak response and management plans; capstone experience in the Vector Biology and Vector-Borne Disease Response Certificate.",Inclusive,3,,Spring 2026
Social and Emotional Development and Interventions,EPSY,EPSY,632,Graduate,"School systems, educators and researchers are increasingly recognizing the fundamental role that children’s social and emotional skills play in in their scholastic and meet academic success. Beyond educational outcomes, children’s social and emotional competencies are integral to the development of well-rounded students who can contribute to civic society. Consequently, there have been a plethora of school-based social and emotional learning (SEL) programs that have been implemented across the U.S. and internationally. Although many of these programs are evidence based and appear to be promising, there has been considerable variability across programs in their goals, program designs and outcomes. This course has two primary aims: 1) To explore the theoretical foundations of social and emotional development from early childhood through adolescence. 2) To review the current state of SEL intervention programs.",Inclusive,4,,Spring 2026
Fundamentals of Food Law,FSTC,FSTC,664,Graduate,"History, development of, and fundamental principles behind current food regulations, including food labeling, adulteration, food safety, food additives, dietary supplements, and import and export laws; overview of government agency jurisdiction, international law and ethics.",Inclusive,2,,Spring 2026
Food Biomanufacturing and Cellular Agriculture,FSTC,FSTC,616,Graduate,"This course will cover the basic principles and techniques of food biomanufacturing, including bioprocessing, fermentation science, cellular agriculture, space food, and molecular farming, by addressing bioprocessing, microbial community, bacterial and yeast-based fermentation, bioreactors, cellular agriculture technologies, enzymes applications in food production, and sustainability. Students will be introduced to the concepts of cellular agriculture, fermentation and precision fermentation, bioprocessing, different bioreactors, and life cycle analysis roles in making decisions about the final products. Also, students will learn about how to read papers to develop protocols and how to modify them. The course aims to provide a comprehensive understanding of upstream and downstream processing, which will cover the bacterial and yeast-based fermentation, precision fermentation, cellular agriculture, bioprocessing, and food safety aspects of these products. The course will include at least two lectures from other researchers and scientists from industry and other institutions. The course will also cover biomanufacturing applications for different products developed from plants, insects, algae, and animals’ byproducts.",Inclusive,2,,Spring 2026
Geochemistry of Natural Fresh Waters,GEOL,GEOL,640,Graduate,"Chemistry of aqueous solutions; weathering/redox reactions and controls on fresh waters; natural and anthropogenic factors affecting major, minor, and trace elements in fresh waters; evaluation of fresh water composition; application of water-quality measurements to quantitative hydrology. Cross-listed with WMHS 640",Inclusive,6,,Spring 2026
Special Topics: Mixed Methods Research and Evaluation in Public Health,HBEH,HBEH,689,Graduate,"Introduction to mixed methods research and evaluation in the public health sciences and the social and behavioral health sciences, with particular focus on mixed methods designs, mixed method analytical techniques, and mixed method writing and publishing in the public health field.",Inclusive,3,,Spring 2026
Community Organization and Assessment – HBEH 610 – section 600,HBEH,HBEH,610,Graduate,"Integration of knowledge and skills gained through other courses and experiences at SPH allowing an understanding of both the overall public health problem-solving approach and the contributions of each discipline to that approach; working in groups to analyze public health problems and develop interventions. Must be taken on a satisfactory/unsatisfactory basis. This course examines the nature of community and its role as setting, target and facilitator of health among its population. Topics include approaches to assessing community factors that influence health status, particularly the social determinants of health, and application of that information in planning community-based interventions.",Inclusive,"3,11",,Spring 2026
Plants for Landscape Design II,HORT,HORT,609,Graduate,"Identification and use of indigenous and introduced landscape plants; plants for special uses in urban environments; emphasis on plants' ornamental attributes, cultural requirements, and adaptability in urban and suburban environments. Only one of the following will satisfy the requirements for a degree: HORT 308 or HORT 609. Prerequisites: Graduate classification.",Inclusive,"10,11",,Spring 2026
Distribution Capstone Project II,IDIS,IDIS,665,Graduate,"Continuation (Part II) of development of a research project under the guidance of the instructor and other team members as applicable; construction of a data analysis, solutions, ROI; mid-term steering committee meeting, final report and presentation towards completion of final capstone project. Prerequisites: Enrollment in the Master of Industrial Distribution program.",Inclusive,9,,Spring 2026
"African Conflict, Demographics, and Development",INTA,INTA,745,Graduate,"The course will begin with demographics as the people-based underpinning of the other two themes. The demographics focus will include an accounting of African demographic growth and a focus on estimates that project Africa to account for the majority of the globe’s population growth this century, and that the continent by 2100 will account for 40 percent of the world’s population. We will grapple with the population forecasts of countries such as Nigeria, projected to double from just over 200 million today to 400 million by 2050, surpassing the United States as the third most populous country in the world. We will wrestle with what demographic trends mean for conflict and development and whether African states will reap a demographic dividend or suffer the plight of population overload. We will examine how demographic trends affect international security. The focus on conflict will include key drivers and responses. Class exercises will dive into the experience of national security practitioners and how they navigate conflict on the continent and from third countries and international organizations. We will debate whether the continent is stuck in a cycle of conflict or moving toward a more peaceful future. Our focus on development will move beyond the theoretical and draw on our lessons from demographics and conflict to examine practitioners' experiences today and possibilities for the future, especially as the development landscape undergoes an unprecedented overhaul. Like our focus on conflict, our exercises will dive into the experience of national security practitioners and how they navigate development openings and obstacles.",Inclusive,"10,16,17",,Spring 2026
European Security,INTA,INTA,744,Graduate,"Russia’s invasion of Ukraine in 2022 changed dramatically the European security landscape. This course examines key developments and challenges to contemporary European security order. It focuses on issues confronting the European Union: Russia’s war on Ukraine and its implications, post-Brexit Britain and its role, China’s increasing influence, and other critical security challenges. We will further analyze and build upon the first lessons learned from the security challenges and vulnerabilities of the transatlantic security architecture exposed by Russia’s war on Ukraine. Finally, we will examine the emerging contours of the new postwar European security order and its implications for transatlantic and global security. Students will be able to hone their analytical, writing, and presentation skills; develop a multidisciplinary approach to analyzing the problems discussed, and develop the skills of theorizing, formulating hypotheses, and justifying their views about the course topics. The practical coursework will be based on interactive learning techniques and will comprise individual and group presentations, and written assignments.",Inclusive,"10,16,17",,Spring 2026
Clientelism & Corruption in the Developing World,INTA,INTA,703,Graduate,"This course will critically examine various approaches to the study of clientelism in developing countries, with a particular focus on political institutions and party politics. Students will learn the meaning of clientelism, how it relates to corruption, electoral fraud, and patrimonialism, and how clientelist practices such as vote buying, and patronage are still being practiced in many developing societies. We will investigate the causes of this phenomenon, the factors for its prevalence in the 21st century and its implications for the quality of democracy.",Inclusive,"16,17",,Spring 2026
Economic Restructuring in Latin America,INTA,INTA,694,Graduate,"This course offers a comprehensive exploration of Latin America’s developmental trajectory over the past two centuries, emphasizing historical processes, international contexts, and internal dynamics. Through a critical analysis of key economic, social, and political changes, students will examine how Latin America “fell behind” the United States and the world’s economic leaders, and the complex reasons underlying its relative backwardness. The course emphasizes the region’s multifaceted history of growth, instability, policy experimentation, and inequality. Students will study patterns of population and GDP growth, improvements in life expectancy and education, and significant reductions in poverty—while also interrogating the persistent volatility brought about by changing international terms of trade and financial flows. Critical topics include: The role of international influences—especially the contemporary impact of rising powers such as China. Cyclical booms and busts, and their impact on long-term development. Shifts in development models in response to evolving ideologies, global events, and domestic pressures. The enduring challenge of inequality—within countries, between countries, and in comparison to global leaders. By the end of the course, students will be equipped to discuss the diversity of development experiences in Latin America, understand the ongoing processes shaping the region’s place in the world economy, and critically assess prospects for closing gaps in income, opportunity, and living standards",Inclusive,"10,16,17",,Spring 2026
International Organizations,INTA,INTA,643,Graduate,"This is a graduate course that provides theoretical and empirical aspects of the role, potential and limitations of major International Organizations (IO) in world politics. IOs play an important role in efforts to resolve a wide range of universal problems, particularly peace and security, human rights, poverty, and other related matters of concern to international society. The bulk of the course is devoted to an in-depth examination of the United Nations agencies as well as a selected number of international organizations. Questions include: What is the role and record of the IOs in managing conflicts, alleviating poverty, protecting human rights violations, preserving environmental standards and prosecuting international criminals?",Inclusive,"16,17",,Spring 2026
International Development Theory and Practice,INTA,INTA,636,Graduate,"The course will review various definitions of development and the theories which explain why some countries develop and others do not. Current controversies will be examined about what factors lead to economic growth; what role good governance and democratic institutions, the cultural values of a society, and social services play in development. Finally, the course will analyze how the foreign aid programs of donor governments and international institutions affect the development process, the politics of aid programs and the mechanisms for their implementation, and the role of new actors in development such as non-governmental organizations, corporations, and foundations.",Inclusive,"16,17",,Spring 2026
Fundamentals of the Global Economy,INTA,INTA,608,Graduate,"In today’s rapidly changing global economy, nations are more interconnected than ever before. Thanks to technological advances in transport and communication, goods, services, and money flow easily across borders. This close-knit economic integration offers exciting opportunities but also comes with its own set of complex challenges. On the bright side, international trade encourages cooperation between countries, gives consumers more choices, and boosts the profits of businesses, opening up a world of possibilities for companies in the international market. However, the surge in globalization also creates a multitude of new contenders, making competition both broader and fiercer. The gains from globalization are not shared equally either; while some benefit greatly, others may face significant obstacles. Furthermore, closely related economies introduce new complexities for foreign policy, economic management, and consumer decisions. This course is structured into three main modules, each designed to help you make sense of the global economic landscape and develop the tools to navigate it successfully: This course aims to equip students with the intellectual tools to understand our global economic environment. The course has three main components that cover the basics of international economics: 1. Trade and Policies: Study the mechanics of international trade and trade policies. Explore the concept of comparative advantage and its implications, understand the characteristics of tariff and non-tariff barriers, and analyze the strategies countries employ to navigate the competitive global marketplace. 2. International Finance: Gain insight into the balance of payments and understand the workings of foreign exchange markets. Grasp the forces that influence exchange rates, study the dynamics of capital flows, and uncover the interplay between financial globalization and economic stability. 3. Global Challenges: Navigate the current global challenges between economics and international relations. Explore the symbiotic relationship between economic growth, foreign aid, and environmental sustainability.",Inclusive,"8,9,16,17",,Spring 2026
BIOMECHANICS OF WORK,ISEN,ISEN,633,Graduate,"• Provide an understanding of the mechanical behavior of the human musculoskeletal system and component tissues when physical work is performed • Teach fundamental biomechanical concepts, principles, tools, and methods for the measurement of human physical attributes, evaluation of human mechanical capabilities, and modeling of the human musculoskeletal system (or components thereof) • Illustrate how concepts, principles, data, and models can be applied to improve human physical performances as well as the recognition and control of the risk of musculoskeletal disorders during work or daily living activities",Inclusive,8,,Spring 2026
Exercise for Clinical Populations,KINE,KINE,626,Graduate,"Principles relevant to exercise programming for persons with chronic disease or disability; includes information for each condition: pathophysiology, effect on exercise response, effects of exercise on disease process, and recommendation for exercise testing and programming.",Inclusive,"3,10",,Spring 2026
Landscape Construction II,LAND,LAND,614,Graduate,"Second construction studio course; sustainable water management techniques in landscape development; theory, principles, and techniques of low impact development; basic elements of landscape architectural construction; construction document preparation, working drawings, and project layout and design; theory and principles of irrigation; field trips required.",Inclusive,"6,11",,Spring 2026
Development and the Environment,LDEV,LDEV,661,Graduate,"Land development in the context of environment sustainability, human wellbeing and business profitability to foster a restorative economy; environmental easement and site analysis; state, federal and international regulatory issues; and human ecology and the future of land development.",Inclusive,"3,8,11",,Spring 2026
Bio-Inspired Engineering Design,MEEN,MEEN,696,Graduate,Expand design space available to engineering by developing and understanding of how nature solves problems; study of effective bio-inspired design and biomimetic applications to draw solutions from nature; enhance concept generation through the use of bio-inspired design; use current state of the art methods in bioinspired design; view nature’s solutions to different problems form an engineering perspective.,Inclusive,9,,Spring 2026
Cogeneration Systems,MEEN,MEEN,663,Graduate,"Design and analysis of cogeneration systems; selection of prime mover-steam turbine, gas turbine, or reciprocating engine; environmental assessments; economic and financial evaluations; legal and institutional considerations; case studies.",Inclusive,"7,9",,Spring 2026
Energy Management in Industry,MEEN,MEEN,662,Graduate,"Energy systems and components frequently encountered in industrial environments; application of basic principles of thermodynamics, heat transfer, fluid mechanics and electrical machinery to the analysis and design of industrial system components and systems. Improved energy utilization.",Inclusive,"7,9",,Spring 2026
Nutrition in Disease,NUTR,NUTR,632,Graduate,"Focuses on human nutritional requirements in health and disease, emphasizing effects of disease states on intake, digestion, absorption, metabolism and excretion of nutrients, and relationship of diet to development of certain diseases.",Inclusive,3,,Spring 2026
Biological Oceanography,OCNG,OCNG,620,Graduate,Critical analysis of contribution of biological science to our understanding of sea; discernible interrelationships between organisms and physicochemical parameters. Prerequisites: General prerequisites for oceanography.,Inclusive,14,,Spring 2026
Clinical Interventions I,PBSI,PBSI,637,Graduate,"Theory, research and techniques related to evidence-based behavioral and cognitive-behavioral approaches to clinical interventions; ethical, professional, multicultural and history/systems issues in therapeutic psychological interventions. Prerequisite: Enrollment in Clinical Psychology Graduate Program or approval of instructor.",Inclusive,"3,10",,Spring 2026
Psychological Assessment of Children & Adolescents,PBSI,PBSI,627,Graduate,"Theory and application of psychological assessment of toddlers, children, and adolescents; assessment of cognitive, intellectual, academic, and memory abilities and adaptive behavior; assessment of personality, behavioral style, family functioning, and child-focused systems; integration of assessment measures in comprehensive psychological evaluations.",Inclusive,"3,4,10",,Spring 2026
Doctoral Capstone,PHEB,PHEB,791,Graduate,"Design a qualitative, quantitative, mixed methods, policy analysis or evaluation project to address a public health issue. Plan, implement, and evaluate a public health study to assess a threat to population health.",Inclusive,"3,16",,Spring 2026
Environmental Epidemiology,PHEB,PHEB,634,Graduate,"This course provides a broad introduction to the principles and methods of environmental epidemiology, with particular emphasis on the use of epidemiologic and exposure assessment methods and practice applied to the issues of environmental public health and epidemiology of environmentally-related diseases and injuries.",Inclusive,"3,16",,Spring 2026
Chronic Disease Epidemiology,PHEB,PHEB,627,Graduate,"This course will provide insight into the epidemiologic concepts and research needed in the study of chronic disease and its associated risk factors. This course is intended to provide students with an appreciation of the major trends in the incidence and prevalence of specific chronic diseases. The focus will be from a U.S. and international perspective. Methodological challenges relevant to chronic disease epidemiologic research will be addressed in lectures, readings, student discussions, presentations and assignments.",Inclusive,"3,16,17",,Spring 2026
Disaster Epidemiology,PHEB,PHEB,613,Graduate,This course will introduce students to methods used by epidemiologists; conduct outbreak investigations from start to finish; study design; questionnaire development; interviewing techniques and data analysis and communications of findings appropriate to various audiences; practical component. This course includes a service-learning component.,Inclusive,3,,Spring 2026
Industrial Hygiene,PHEO,PHEO,640,Graduate,"Considers methods to measure and reduce workplace hazards; evaluation of engineering controls and personal protective equipment; includes potential chemical, physical, ergonomic and biological exposures. Review of major legislation affecting workplace environment.",Inclusive,"3,8",,Spring 2026
Hazardous Materials Management and Compliance,PHEO,PHEO,639,Graduate,"Types of hazardous materials; system of environmental laws governing management of hazardous materials as well as contaminants in air, water and solid waste; appropriate management and regulatory compliance; hazardous materials spills and response; hazard communication and right-to-know regulations; hazard communication benchmarking and performance criteria.",Inclusive,"3,12",,Spring 2026
DATA SCIENCE FOR HEALTH SERVICES RESEARCH,PHPM,PHPM,672,Graduate,Introduces multidisciplinary approaches to conducting health services research. Course focuses on both primary and secondary data analysis for the purpose of understanding the quality and effectiveness of various health delivery systems and the policy implications for the health of citizenry.,Inclusive,"3,16",,Spring 2026
Analytical Issues in Health Services Research I,PHPM,PHPM,667,Graduate,"Overview of analytical issues confronted by health services researchers studying health care access, cost, and quality across multiple health care settings; experimental and observational study techniques using survey and administrative data sources widely utilized in health services and policy research.",Inclusive,"3,16",,Spring 2026
Cost Effectiveness Analysis and Health Policy,PHPM,PHPM,663,Graduate,"This course provides an overview of the methods of cost-effectiveness analysis and decision analysis and their applications to resource allocation decisions in public health and medicine, particularly as it relates to health policy.",Inclusive,"3,16",,Spring 2026
Political Foundations of Public Health,PHPM,PHPM,637,Graduate,Study of how the American political process works; identification of key theories of political science; understanding of how the political process shapes health policy in the United States; evaluation of how current health policy impacts subsequent political debates.,Inclusive,"3,16",,Spring 2026
Health Law and Ethics,PHPM,PHPM,633,Graduate,"Torts, contract law, corporate liability, malpractice, key federal and state regulations, and records management relative to health care; important health case law; ethical considerations as they relate to the law and management of health delivery systems.",Inclusive,"3,16",,Spring 2026
Introduction to Health Policy and Management,PHPM,PHPM,605,Graduate,"This course prepares students for administrative or policy positions in governmental programs, voluntary health organizations, or in other health service organizations. Supports effectiveness of public health and health services professionals by providing knowledge of health organizations and services and associated management policy issues. Introduces the U.S. health system and health management areas and emphasizes policy topics.",Inclusive,"3,16",,Spring 2026
APPLIED TRANSPORTATION STUDIO,PLAN,PLAN,678,Graduate,"Practical overview of urban planning and transportation topics including transportation-land use, functional classification, thoroughfare and land use planning, site planning, traffic impact analysis, access management and site design. Prerequisite: Approval of Instructor. The entire class will spend the semester developing a Transportation Plan for the City of Pine Island, Texas and Burton, Texas. The Cities of Pine Island and Burton are clients of the Texas Target Communities (TxTC) program (see https://ttc.arch.tamu.edu/). Each student will be part of a group working on one of these plans, which you will all assemble into a completed document.",Inclusive,11,,Spring 2026
Disaster Recovery Planning,PLAN,PLAN,650,Graduate,"This course will focus on post-disaster recovery. Topics that will be addressed include conceptualizations of recovery and restoration at multiple levels of analysis including household, business, and community. While various forms of hazards or potential disasters will be discussed the primary focus will be on natural, environmental, and technological hazards. This course emphasizes the necessary connection between recovery, preparation, response, and mitigation; because, without an integrated approach, recovery processes can be delayed and, even more importantly, recovery can and often does set the seeds for future disasters. Indeed, when considering what is meant by resilience – bouncing back, but bouncing back such that the system is more adapted -- then, recovery as part of an integrated set of strategies is critical for resilience. So, in some sense, this course is all about resilience with a focus on recovery processes and strategies.",Inclusive,"3,11,16",,Spring 2026
Special Topics in Health Law and Policy,PSAA,PSAA,689,Graduate,"This interprofessional course taught jointly at the School of Law and the Bush School of Government and Public Service covers fundamental issues in health law and policy from both legal and public policymaking perspectives. Health care represents approximately one-sixth of the American economy, as skilled personnel provide life-saving services using advanced technology. It also gives rise to important and controversial challenges at the individual, community, and population levels, which the course unpacks and discusses. Although some continue to regard the U.S. health care system as “the best in the world,” the COVID-19 pandemic has revealed major shortcomings not only in the nation’s public health preparedness, but also in the fairness and efficiency of American medical care. Nor is the direction of national health policy Page 1 of 10 Course Syllabus clear. Enacted in 2010, a full century after universal health coverage was first proposed in the United States, the Affordable Care Act (aka “Obamacare”) has intensified public policy debate rather than resolving it. Recent executive, legislative, and judicial actions have cast further uncertainty on the goals and outcomes of the Affordable Care Act, on public health activities, and on biomedical innovation. Recent developments take place against a complex set of federal and state health laws and regulations, other laws governing matters such as complex business practices and risks of injury to persons, and health professional self-regulation and ethics. Framing a set of deceptively simple questions, the class explores many of the core challenges in health system design, operation, and governance. Which countries have the best health care systems, and why? What roles should government play in health care, and what roles should it avoid? Does the U.S. make too many social problems into medical ones, or too few? What is the best way to support the cost of care for those who are too sick or too poor to afford it themselves? How can we spend less on health care and get more for our money? To what degree should the future health care system be controlled by physicians? How can individuals and communities become healthier? What policy and system-level interventions are most effective for reducing preventable gaps in health outcomes across communities? What policies would most effectively further innovation? Finally, how has law defined these problems and how can legal change facilitate their solution?",Inclusive,"3,11,16",,Spring 2026
Directed Study-Texas Emergency Management,PLAN,PLAN,650,Graduate,"This course will focus on post-disaster recovery. Topics that will be addressed include conceptualizations of recovery and restoration at multiple levels of analysis including household, business, and community. While various forms of hazards or potential disasters will be discussed the primary focus will be on natural, environmental, and technological hazards. This course emphasizes the necessary connection between recovery, preparation, response, and mitigation; because, without an integrated approach, recovery processes can be delayed and, even more importantly, recovery can and often does set the seeds for future disasters. Indeed, when considering what is meant by resilience – bouncing back, but bouncing back such that the system is more adapted -- then, recovery as part of an integrated set of strategies is critical for resilience. So, in some sense, this course is all about resilience with a focus on recovery processes and strategies.",Inclusive,"3,11,16",,Spring 2026
"U.S. Border Security: Policies, Strategies, and Issues",PSAA,PSAA,654,Graduate,"This course explores the evolution of U.S. border security from a post-9/11 counterterrorism focus to a multi dimensional strategy balancing national safety with economic vitality. We will analyze the coordinated efforts of the DHS and DoD to counter transnational threats—including terrorism, human trafficking, and illicit drugs—while facilitating the $2.5 trillion in annual trade essential to the U.S. economy. Through the lens of federal, state, and local interactions, as well as diplomatic relations with Mexico and Canada, students will evaluate the complex policies shaping the modern border landscape.",Inclusive,"11,16",,Spring 2026
Professional Local Government Management,PSAA,PSAA,628,Graduate,"Advanced instruction in local government management; emphasis on the role and responsibilities of appointed local government administrators in rural and urban communities; examination of challenges associated with jurisdictional overlap; discussion on the relationship between appointed and elected officials; topics include professional ethics, strategic planning, policy development, budgeting, project management, public safety, public engagement, and the variety of services provided by local government. Prerequisites: Graduate classification or approval of department head.",Inclusive,"3,11,16",,Spring 2026
Education Policy,PSAA,PSAA,618,Graduate,This graduate course examines the role of government in education and education policy issues and current policy topics.,Inclusive,"4,16",,Spring 2026
Special Topics in Conservation Planning,RWFM,RWFM,689,Graduate,"This course introduces students to applied conservation planning across major federal agencies and partner organizations. Through case studies and practical exercises, students will explore three cornerstone frameworks, U.S. Fish and Wildlife (USFWS) Species Status Assessments, Department of Defense (DoD) Integrated Natural Resources Management Plans, and U.S. Department of Agriculture (USDA) Natural Resource Conservation Service (NRCS) Conservation Planning process to understand their goals and implementation. Emphasis is placed on how these approaches intersect to advance biodiversity conservation, sustainable land and water management, and national environmental priorities.",Inclusive,"14,15",,Spring 2026
Fisheries and Small Impoundment Management,RWFM,RWFM,671,Graduate,"1. Students will be able to characterize physiochemical properties of ponds and considerations for building small impoundments. 2. Students will be able to describe stocking strategies for small impoundments including initial stocking methods, angling enhancements and prey enhancements. 3. Students will be able to discuss stunted fish management and correction in small impoundments. 4. Students will be able to explain management of the pond environment, eutrophication, nutrient management, aerations, evaporation, and habitat improvement. Students will be able to discuss sustainable assessment and management of bass-bluegill interactions in ponds.",Inclusive,14,,Spring 2026
Environmental Impact Assessment,RWFM,RWFM,670,Graduate," Review the conservation/environmental history of the United States and how that has influenced current views, laws and regulations related to the environment and land use.  Assess the various approaches to environmental impact assessments.  Understand the content, purpose, and process of the National Environmental Policy Act (NEPA).  Evaluate environmental assessments and environmental impact statements necessary for NEPA compliance.  Determine the permitting process needed to comply with the Endangered Species Act, the Clean Water Act, the National Historic Preservation Act, and other resource related laws.  Expand awareness of the myriad of laws and regulations that apply to conservation/environmental/land use issues and the professional approach to deal with these often contentious projects.",Inclusive,"14,15,16",,Spring 2026
Nutrition of Range and Wild Animals,RWFM,RWFM,649,Graduate,"Connects the life history of wild and domestic animals with the quality of their habitat by examining the transfer of energy and nutrients from foods to body tissues and activities for survival, growth and reproduction, exploration of the use of nutrition for management and conservation of animal populations and their habitats.",Inclusive,"14,15",,Spring 2026
Fish Health and Disease,RWFM,RWFM,645,Graduate,"Health disorders and diseases of finfish and shellfish, including water quality issues and management, environmental endocrine disruptors, biosecurity, and practical techniques used to isolate, identify, and manage or mitigate diseases.",Inclusive,"6,14",,Spring 2026
Conservation Principles and the Role of Hunting,RWFM,RWFM,649,Graduate,"Integration of past conservation actions and icons with modern day polices; exploration of conservation funding mechanisms; instruction in hands-on learning related to firearm safety, components; hunter education certification; field exercises on departmental facilities and field trip to state conservation agency. Prerequisites: Graduate classification or approval of instructor.",Inclusive,"14,15,16",,Spring 2026
Communicating in Natural Resources,RWFM,RWFM,621,Graduate,"Principles of effectively communicating natural resource science to a diverse stakeholder group; development of critical skills for obtaining and retaining employment in the Rangeland, Wildlife, and Fisheries Management fields; experience in audience identification, mixed-media presentations and interpersonal communications skills unique to the culture of diverse natural resources stakeholders. Additional Course Information This course reviews the Land-Grant mission and the communication methodologies, media, and platforms used to deliver key information on natural resources to stakeholders, land and wildlife stewards, and communities. Students will assess complex scenarios with each new topic of discussion and learn to develop engagement products as they consider conservation and the integration of social, regulatory, and economic factors within their future professional roles, theses, or dissertations.",Inclusive,"10,11,16",,Spring 2026
Invasive Species Ecology and Management,RWFM,RWFM,616,Graduate,"Examination of the causes, consequences, and management of biological invasions by exotic plant and animal species in North America and globally; critical evaluation and synthetization of primary literature; emphasis on original research in basic or applied invasion ecology.",Inclusive,"14,15",,Spring 2026
Wildlife Diseases,RWFM,RWFM/VTMI,609,Graduate,"Overview of diseases that affect populations of wild mammals, birds, amphibians and reptiles; emphasis on diseases that are transmissible to humans or domestic animals and those found in Texas.",Inclusive,"3,14,15",,Spring 2026
Wildlife Diseases,VTMI,RWFM/VTMI,609,Graduate,"Overview of diseases that affect populations of wild mammals, birds, amphibians and reptiles; emphasis on diseases that are transmissible to humans or domestic animals and those found in Texas.",Inclusive,"3,14,15",,Spring 2026
Forage Ecology and Management,SCSC,SCSC,644,Graduate,"Investigation of multidisciplinary approaches toward the development of integrated forage, livestock, and wildlife production systems that are economically feasible and environmentally sustainable. Prerequisites: Graduate classification or approval of instructor.",Inclusive,"14,15",,Spring 2026
Water in Soils and Plants,SCSC,SCSC,608,Graduate,"Introduction to the physics of the soil-plant-atmosphere continuum; focus on soil, its physical properties, and their interactions with water and weather in terrestrial ecosystems; examination of processes including precipitation, rainfall interception, raindrop impact, infiltration, runoff, drainage, soil water storage, evaporation, transpiration, solar radiation partitioning, soil temperature, and heat transfer near the land surface; interactions of these processes with plant growth, solute transport, water quality, and greenhouse gas emissions are considered; quantitative analysis is emphasized with applications in soil and environmental science, agronomy, ecology, hydrology, and climatology.",Inclusive,"2,6,13,15",,Spring 2026
Process Safety in Semiconductor Manufacturing,SENG,SENG,641,Graduate,"This course provides a comprehensive understanding of chemical process safety principles and practices specifically tailored to the semiconductor manufacturing industry. Students will learn to identify and mitigate hazards associated with chemical processes, develop emergency response plans, and gain insights into safety management systems within semiconductor facilities.",Inclusive,8,,Spring 2026
Social Demography,SOCI,SOCI,622,Graduate,"The purpose of this course is to provide an overview of the field of social demography. We will cover the basic population processes—fertility, mortality, and migration—along with introductions to theory, data, and methods. The two main goals of this course are to: 1) introduce students to both classic and current literature in the field of social demography and 2) introduce students to the techniques used to analyze demographic data. Our focus on “social demography” reflects the orientation of understanding population processes through a sociological lens. This does not eliminate other population perspectives (e.g., geographic, biological, economic, epidemiological, etc.) from consideration in this course, but the focus here tends to be on the social aspects.",Inclusive,"5,10,11,16",,Spring 2026
Seminar in Social Organizations,SOCI,SOCI,607,Graduate,"This special topic course in social organizations surveys the historical origins, theoretical foundations, and current debates in environmental sociology, emphasizing the critical analysis of contemporary environmental issues and preparing students for advanced interdisciplinary research. The seminar focuses on sociology’s treatment of the relationship between environment and society, while drawing on insights from history, philosophy, law, geography, and the humanities.",Inclusive,"10,13,16",,Spring 2026
Theories of Gender,ENGL,ENGL/WGST,600,Graduate,"Theories of gender, sexualities, feminism, embodiment, and difference with particular focus on
their relationship to literary and cultural studies; emphasis on contemporary theoretical
positions, discourses, and debates.",Inclusive,"3,5,10",,Spring 2026
Theories of Gender,WGST,ENGL/WGST,600,Graduate,"Theories of gender, sexualities, feminism, embodiment, and difference with particular focus on
their relationship to literary and cultural studies; emphasis on contemporary theoretical
positions, discourses, and debates.",Inclusive,"3,5,10",,Spring 2026
Food Toxicology & Safety/Food Toxicology II,VTPP,VTPP,404/619,Graduate,"Toxicity and safety of variousfoods and food additives, ingredients, and contaminants; occurrence, control and
prevention of food transmitted diseases. Also, public health implications of toxic factors in foods, their source,
nature, occurrence and distribution. Thisis a capstone course designed to educate studentsin the basic tenets
of food safety and to promote an awareness ofthe interdisciplinary contributions oftoxicology, nutrition, food
and environmental chemistry and food microbiology. An understanding of contemporary issuesin food safety
and dietary risk factorsfor disease will be encouraged. Critical thinking and problem solving on the part of the
students will be emphasized. Environmental chemicals and mycotoxins will be emphasized along with food
safety research.",Inclusive,"2,3",,Spring 2026
Advanced Toxicology,VTPP,VTPP,670,Graduate,"This course will provide students who already have good understanding of the basic principles of
toxicology and environmental health with a detailed overview of organ-specific effects of toxic
substances. The course will consist or organ/tissue-oriented modules that will review basic anatomy
and physiology, site-specific metabolism of xenobiotics, mechanisms of toxicity and experimental
systems that are used to study toxic effects. In addition, case studies of classical toxicants known to
affect these organs/tissues will be presented. The main objective of the course is to provide students
with a detailed overview of the adverse health effects of chemicals on major organs/tissues in humans
and other mammalian systems. The course will rely extensively on the basic knowledge of xenobiotic
metabolism and basic mechanisms of toxicity. The focus on organ/tissue-specific effects will provide
students with deeper understanding of how xenobiotic metabolism and toxicity mechanisms operate in
the context of site-specific effects. In addition, current practice of decision-making in toxicology and
environmental health is based on evaluation of organ-specific effects; students will gain understanding of
what experimental models are available to address organ-specific hazards.",Inclusive,3,,Spring 2026
Agents of Disease I,VTPB,VTPB,925,Graduate,"Course Learning Outcomes
• CBVE 1.1: Gathers and assimilates relevant information about animals
• CBVE 1.2: Synthesizes and prioritizes problems to arrive at differential diagnoses
• CBVE 1.4 Incorporates animal welfare, client expectations, and economic considerations into the
diagnostic or treatment plan
• CBVE 3.1: Applies population management principles in compliance with legal regulations and economic
realities
• CBVE 3.2: Recommends and evaluates protocols for biosecurity
• CBVE 4.1: Recognizes zoonotic, transboundary, and emerging diseases and responds accordingly
• CBVE 4.2 Promotes the health and safety of people and the environment",Inclusive,3,,Spring 2026
Scientific Ethics,VMID,VMID,686,Graduate,"Objective 1: To fulfill requirements of training in “Responsible Conduct of
Research” (RCR) as put forward by the NIH, NSF and other institutions. (NIH
Statement) The responsible conduct of research (RCR) is essential to good science.
RCR promotes the aims of scientific inquiry, fosters a research environment that enables
scientists to work together toward common goals, and promotes public confidence in
scientific knowledge and progress for the public good. However, there are several serious
detrimental effects of research not conducted ethically and responsibly. These include, for
example, data fabrication and falsification of results which undermine the pursuit of valid
knowledge by misleading scientists to accept and further study false hypotheses or
unreliable data. Likewise, plagiarism and harassment negatively impact the research
environment by harming respect and trust among scientists. Fraudulent or socially
irresponsible research undercuts the public’s trust of and support for science.
The subject matter of RCR training and education includes: ...        - social and environmental impacts of research",Inclusive,"3,4,10,16",,Spring 2026
Applied Epidemiology,VIBS,VIBS,607,Graduate,"The interconnections among human health, domestic animal health, wildlife, and the environment
are increasingly recognized in this ‘one health’ era. Epidemiology is the study of the distribution
and determinants of disease in populations and is distinguished from other medical disciplines in
its focus on the population-level, and not the individual-level. Epidemiological principles guide
the collection of data in the field and clinic, diagnostic laboratory protocols, statistical analyses,
medical surveillance, and disease reporting. Epidemiology is the key science that guides public
health policy and interventions. This course will train students to understand the concepts of
epidemiology and fundamental tools used by epidemiologists, and how this field blends with other
disciplines (ecology, human and veterinary clinical medicine, statistics, genetics, wildlife biology,
and more) to address some of society’s more pressing stressors.",Inclusive,3,,Spring 2026
ENDOCRINE TOXICOLOGY,VIBS,VIBS,622,Graduate,"Upon completion of the course, students will be able to:
1. Describe the most prevalent environmental endocrine-disrupting chemicals (EDCs) in the environment;
describe properties and the biological processes of EDCs that modulate their toxicokinetics.
2. Understand molecular, cellular, and pathophysiological responses of the endocrine organs resulting from
exposure to EDCs.
3. Identify the underlying mechanisms contributing to endocrine diseases/disorders and intervention strategies
to mitigate/prevent the adverse effects of EDCs.
4. Explain research approaches to understand the adverse effects of EDCs on endocrine organs.
5. Make the right choices in choosing healthy personal care products, avoiding harmful chemicals that enter their
bodies, and eating pesticide-free, healthy food.",Inclusive,"2,3,6",,Spring 2026
Risk and Crisis Reporting,VINS,VINS,664,Graduate,"Risk and Crisis Reporting. (3-0). Credit 3. Assessment and analysis of environmental
and health risk, analytical procedures, interpretation of risk factors, reporting
science crisis events.",Inclusive,"3,11",,Spring 2026
Structure and Functions of Cities and Regions,URSC,URSC,632,Graduate,"Course Learning Outcomes
 Demonstrate knowledge of urban and regional structures and their social, economic, environmental,
and public health functions.
 Apply theories and empirical evidence on urban and regional structures and functions to identify,
refine, and justify research questions and aims.
 Conduct a systematic review of the literature to synthesize and analyze knowledge related to
dissertation research.",Inclusive,11,,Spring 2026
Special Topics in: Ethical and Intercultural Perspectives in Sport Management,SPMT,SPMT,689,Graduate,"Examination of ethical decision-making and (inter)cultural competence at the micro-, meso-, and macrolevel in historical and contemporary sport management settings. Exploration of ethical issues and
frameworks, cultural values and awareness, power dynamics, (corporate) social responsibility, and
leadership practices in North American and international sport organizations. Focus on applied critical
organizational (and self) analysis, leadership and management practices, and informed decision-making
across myriad sport contexts.",Inclusive,"10,16",,Spring 2026
Overview of Exceptional Students,SPED,SPED,621,Graduate,"After completion of this course, the student will be able to:
1) Define and identify individuals with exceptional learning needs, including those from
culturally and linguistically diverse backgrounds.
2) Identify and explain the major pieces of legislation, judicial proceedings, political and
socio-cultural movements, and historical events that led to the creation of special
education and disability awareness as it exists today, and to the provision of services to
individuals with disabilities across the lifespan.
3) Describe the rights and responsibilities of students, parents, teachers, and other
professionals and schools related to exceptional learning needs.
4) Identify and explain the processes for identifying students (ages birth-21 years) with
disabilities, including the pre-referral and referral process, and for response to
intervention.
5) Describe the educational implications of characteristics of various exceptionalities.
6) Describe the advantages and disadvantages of placement options and programs on the
continuum of services for individuals with disabilities.
7) Identify evidence-based practices appropriate for instructing individuals with
exceptionalities.
8) Identify appropriate modifications and accommodations in assessment and instruction
based on a student’s exceptionality.
9) Prepare to engage in lifelong learning as a professional.
10) Access information on exceptionalities.
11) Identify how individuals with disabilities are impacted by society/community (legislation,
accessibility, media, employment, etc.).",Inclusive,,,Spring 2026
Health policy and management,SOPH,SOPH,602,Graduate,"Principles of health policy and management to all students enrolled in the Master of Public
Health program. Leadership, policy and program, dimensions of the policymaking process, public health ethics, public
health and federalism, budget basics, and other topics related to health policy and management",Inclusive,"3,10",,Spring 2026
Global Public Health Systems,SOPH,SOPH,,Graduate,"PUBLIC HEALTH & HEALTH CARE SYSTEMS
17. Compare the organization, structure and function of health care, public health and regulatory
systems across national and international settings.
INTERPROFESSIONAL PRACTICE
32. Perform effectively on interprofessional teams.
POLICY IN PUBLIC HEALTH
27. Evaluate policies for their impact on public health and health equity.
LEADERSHIP
28. Apply principles of leadership, governance, and management, which include creating a vision,
empowering others, fostering collaboration and guiding decision making.
HEALTH PROMOTION AND COMMUNITY HEALTH SCIENCES
4. Develop and defend communication materials to inform policymakers and community members.
EVIDENCE-BASED APPROACHES TO PUBLIC HEALTH
16. Interpret results of data analysis for public health research, policy, or practice.",Inclusive,"3,10",,Spring 2026
